temperature_K,x_PT,stable_phases,phase_count
300.0,0.0,FCC_A1,1
300.0,0.01,FCC_A1,1
300.0,0.02,FCC_A1,1
300.0,0.03,FCC_A1,1
300.0,0.04,FCC_A1,1
300.0,0.05,FCC_A1,1
300.0,0.06,FCC_A1,1
300.0,0.07,FCC_A1,1
300.0,0.08,FCC_A1,1
300.0,0.09,FCC_A1,1
300.0,0.1,FCC_A1,1
300.0,0.11,FCC_A1,1
300.0,0.12,FCC_A1,1
300.0,0.13,FCC_A1,1
300.0,0.14,FCC_A1,1
300.0,0.15,FCC_A1,1
300.0,0.16,FCC_A1,1
300.0,0.17,FCC_A1,1
300.0,0.18,FCC_A1,1
300.0,0.19,FCC_A1,1
300.0,0.2,FCC_A1,1
300.0,0.21,FCC_A1,1
300.0,0.22,FCC_A1,1
300.0,0.23,FCC_A1,1
300.0,0.24,FCC_A1,1
300.0,0.25,FCC_A1,1
300.0,0.26,FCC_A1,1
300.0,0.27,FCC_A1,1
300.0,0.28,FCC_A1,1
300.0,0.29,FCC_A1,1
300.0,0.3,FCC_A1,1
300.0,0.31,FCC_A1,1
300.0,0.32,FCC_A1,1
300.0,0.33,FCC_A1,1
300.0,0.34,FCC_A1,1
300.0,0.35,FCC_A1,1
300.0,0.36,FCC_A1,1
300.0,0.37,FCC_A1,1
300.0,0.38,FCC_A1,1
300.0,0.39,FCC_A1,1
300.0,0.4,FCC_A1,1
300.0,0.41,FCC_A1,1
300.0,0.42,FCC_A1,1
300.0,0.43,FCC_A1,1
300.0,0.44,FCC_A1,1
300.0,0.45,FCC_A1,1
300.0,0.46,FCC_A1,1
300.0,0.47,FCC_A1,1
300.0,0.48,FCC_A1,1
300.0,0.49,FCC_A1,1
300.0,0.5,FCC_A1,1
300.0,0.51,FCC_A1,1
300.0,0.52,FCC_A1,1
300.0,0.53,FCC_A1,1
300.0,0.54,FCC_A1,1
300.0,0.55,FCC_A1,1
300.0,0.56,FCC_A1,1
300.0,0.5700000000000001,FCC_A1,1
300.0,0.58,FCC_A1,1
300.0,0.59,FCC_A1,1
300.0,0.6,FCC_A1,1
300.0,0.61,FCC_A1,1
300.0,0.62,FCC_A1,1
300.0,0.63,FCC_A1,1
300.0,0.64,FCC_A1,1
300.0,0.65,FCC_A1,1
300.0,0.66,FCC_A1,1
300.0,0.67,FCC_A1,1
300.0,0.68,FCC_A1,1
300.0,0.6900000000000001,FCC_A1,1
300.0,0.7000000000000001,FCC_A1,1
300.0,0.71,FCC_A1,1
300.0,0.72,FCC_A1,1
300.0,0.73,FCC_A1,1
300.0,0.74,FCC_A1,1
300.0,0.75,FCC_A1,1
300.0,0.76,FCC_A1,1
300.0,0.77,FCC_A1,1
300.0,0.78,FCC_A1,1
300.0,0.79,FCC_A1,1
300.0,0.8,FCC_A1,1
300.0,0.81,FCC_A1,1
300.0,0.8200000000000001,FCC_A1,1
300.0,0.8300000000000001,FCC_A1,1
300.0,0.84,FCC_A1,1
300.0,0.85,FCC_A1,1
300.0,0.86,FCC_A1,1
300.0,0.87,FCC_A1,1
300.0,0.88,FCC_A1,1
300.0,0.89,FCC_A1,1
300.0,0.9,FCC_A1,1
300.0,0.91,FCC_A1,1
300.0,0.92,FCC_A1,1
300.0,0.93,FCC_A1,1
300.0,0.94,FCC_A1,1
300.0,0.95,FCC_A1,1
300.0,0.96,FCC_A1,1
300.0,0.97,FCC_A1,1
300.0,0.98,FCC_A1,1
300.0,0.99,FCC_A1,1
300.0,1.0,FCC_A1,1
325.0,0.0,FCC_A1,1
325.0,0.01,FCC_A1,1
325.0,0.02,FCC_A1,1
325.0,0.03,FCC_A1,1
325.0,0.04,FCC_A1,1
325.0,0.05,FCC_A1,1
325.0,0.06,FCC_A1,1
325.0,0.07,FCC_A1,1
325.0,0.08,FCC_A1,1
325.0,0.09,FCC_A1,1
325.0,0.1,FCC_A1,1
325.0,0.11,FCC_A1,1
325.0,0.12,FCC_A1,1
325.0,0.13,FCC_A1,1
325.0,0.14,FCC_A1,1
325.0,0.15,FCC_A1,1
325.0,0.16,FCC_A1,1
325.0,0.17,FCC_A1,1
325.0,0.18,FCC_A1,1
325.0,0.19,FCC_A1,1
325.0,0.2,FCC_A1,1
325.0,0.21,FCC_A1,1
325.0,0.22,FCC_A1,1
325.0,0.23,FCC_A1,1
325.0,0.24,FCC_A1,1
325.0,0.25,FCC_A1,1
325.0,0.26,FCC_A1,1
325.0,0.27,FCC_A1,1
325.0,0.28,FCC_A1,1
325.0,0.29,FCC_A1,1
325.0,0.3,FCC_A1,1
325.0,0.31,FCC_A1,1
325.0,0.32,FCC_A1,1
325.0,0.33,FCC_A1,1
325.0,0.34,FCC_A1,1
325.0,0.35,FCC_A1,1
325.0,0.36,FCC_A1,1
325.0,0.37,FCC_A1,1
325.0,0.38,FCC_A1,1
325.0,0.39,FCC_A1,1
325.0,0.4,FCC_A1,1
325.0,0.41,FCC_A1,1
325.0,0.42,FCC_A1,1
325.0,0.43,FCC_A1,1
325.0,0.44,FCC_A1,1
325.0,0.45,FCC_A1,1
325.0,0.46,FCC_A1,1
325.0,0.47,FCC_A1,1
325.0,0.48,FCC_A1,1
325.0,0.49,FCC_A1,1
325.0,0.5,FCC_A1,1
325.0,0.51,FCC_A1,1
325.0,0.52,FCC_A1,1
325.0,0.53,FCC_A1,1
325.0,0.54,FCC_A1,1
325.0,0.55,FCC_A1,1
325.0,0.56,FCC_A1,1
325.0,0.5700000000000001,FCC_A1,1
325.0,0.58,FCC_A1,1
325.0,0.59,FCC_A1,1
325.0,0.6,FCC_A1,1
325.0,0.61,FCC_A1,1
325.0,0.62,FCC_A1,1
325.0,0.63,FCC_A1,1
325.0,0.64,FCC_A1,1
325.0,0.65,FCC_A1,1
325.0,0.66,FCC_A1,1
325.0,0.67,FCC_A1,1
325.0,0.68,FCC_A1,1
325.0,0.6900000000000001,FCC_A1,1
325.0,0.7000000000000001,FCC_A1,1
325.0,0.71,FCC_A1,1
325.0,0.72,FCC_A1,1
325.0,0.73,FCC_A1,1
325.0,0.74,FCC_A1,1
325.0,0.75,FCC_A1,1
325.0,0.76,FCC_A1,1
325.0,0.77,FCC_A1,1
325.0,0.78,FCC_A1,1
325.0,0.79,FCC_A1,1
325.0,0.8,FCC_A1,1
325.0,0.81,FCC_A1,1
325.0,0.8200000000000001,FCC_A1,1
325.0,0.8300000000000001,FCC_A1,1
325.0,0.84,FCC_A1,1
325.0,0.85,FCC_A1,1
325.0,0.86,FCC_A1,1
325.0,0.87,FCC_A1,1
325.0,0.88,FCC_A1,1
325.0,0.89,FCC_A1,1
325.0,0.9,FCC_A1,1
325.0,0.91,FCC_A1,1
325.0,0.92,FCC_A1,1
325.0,0.93,FCC_A1,1
325.0,0.94,FCC_A1,1
325.0,0.95,FCC_A1,1
325.0,0.96,FCC_A1,1
325.0,0.97,FCC_A1,1
325.0,0.98,FCC_A1,1
325.0,0.99,FCC_A1,1
325.0,1.0,FCC_A1,1
350.0,0.0,FCC_A1,1
350.0,0.01,FCC_A1,1
350.0,0.02,FCC_A1,1
350.0,0.03,FCC_A1,1
350.0,0.04,FCC_A1,1
350.0,0.05,FCC_A1,1
350.0,0.06,FCC_A1,1
350.0,0.07,FCC_A1,1
350.0,0.08,FCC_A1,1
350.0,0.09,FCC_A1,1
350.0,0.1,FCC_A1,1
350.0,0.11,FCC_A1,1
350.0,0.12,FCC_A1,1
350.0,0.13,FCC_A1,1
350.0,0.14,FCC_A1,1
350.0,0.15,FCC_A1,1
350.0,0.16,FCC_A1,1
350.0,0.17,FCC_A1,1
350.0,0.18,FCC_A1,1
350.0,0.19,FCC_A1,1
350.0,0.2,FCC_A1,1
350.0,0.21,FCC_A1,1
350.0,0.22,FCC_A1,1
350.0,0.23,FCC_A1,1
350.0,0.24,FCC_A1,1
350.0,0.25,FCC_A1,1
350.0,0.26,FCC_A1,1
350.0,0.27,FCC_A1,1
350.0,0.28,FCC_A1,1
350.0,0.29,FCC_A1,1
350.0,0.3,FCC_A1,1
350.0,0.31,FCC_A1,1
350.0,0.32,FCC_A1,1
350.0,0.33,FCC_A1,1
350.0,0.34,FCC_A1,1
350.0,0.35,FCC_A1,1
350.0,0.36,FCC_A1,1
350.0,0.37,FCC_A1,1
350.0,0.38,FCC_A1,1
350.0,0.39,FCC_A1,1
350.0,0.4,FCC_A1,1
350.0,0.41,FCC_A1,1
350.0,0.42,FCC_A1,1
350.0,0.43,FCC_A1,1
350.0,0.44,FCC_A1,1
350.0,0.45,FCC_A1,1
350.0,0.46,FCC_A1,1
350.0,0.47,FCC_A1,1
350.0,0.48,FCC_A1,1
350.0,0.49,FCC_A1,1
350.0,0.5,FCC_A1,1
350.0,0.51,FCC_A1,1
350.0,0.52,FCC_A1,1
350.0,0.53,FCC_A1,1
350.0,0.54,FCC_A1,1
350.0,0.55,FCC_A1,1
350.0,0.56,FCC_A1,1
350.0,0.5700000000000001,FCC_A1,1
350.0,0.58,FCC_A1,1
350.0,0.59,FCC_A1,1
350.0,0.6,FCC_A1,1
350.0,0.61,FCC_A1,1
350.0,0.62,FCC_A1,1
350.0,0.63,FCC_A1,1
350.0,0.64,FCC_A1,1
350.0,0.65,FCC_A1,1
350.0,0.66,FCC_A1,1
350.0,0.67,FCC_A1,1
350.0,0.68,FCC_A1,1
350.0,0.6900000000000001,FCC_A1,1
350.0,0.7000000000000001,FCC_A1,1
350.0,0.71,FCC_A1,1
350.0,0.72,FCC_A1,1
350.0,0.73,FCC_A1,1
350.0,0.74,FCC_A1,1
350.0,0.75,FCC_A1,1
350.0,0.76,FCC_A1,1
350.0,0.77,FCC_A1,1
350.0,0.78,FCC_A1,1
350.0,0.79,FCC_A1,1
350.0,0.8,FCC_A1,1
350.0,0.81,FCC_A1,1
350.0,0.8200000000000001,FCC_A1,1
350.0,0.8300000000000001,FCC_A1,1
350.0,0.84,FCC_A1,1
350.0,0.85,FCC_A1,1
350.0,0.86,FCC_A1,1
350.0,0.87,FCC_A1,1
350.0,0.88,FCC_A1,1
350.0,0.89,FCC_A1,1
350.0,0.9,FCC_A1,1
350.0,0.91,FCC_A1,1
350.0,0.92,FCC_A1,1
350.0,0.93,FCC_A1,1
350.0,0.94,FCC_A1,1
350.0,0.95,FCC_A1,1
350.0,0.96,FCC_A1,1
350.0,0.97,FCC_A1,1
350.0,0.98,FCC_A1,1
350.0,0.99,FCC_A1,1
350.0,1.0,FCC_A1,1
375.0,0.0,FCC_A1,1
375.0,0.01,FCC_A1,1
375.0,0.02,FCC_A1,1
375.0,0.03,FCC_A1,1
375.0,0.04,FCC_A1,1
375.0,0.05,FCC_A1,1
375.0,0.06,FCC_A1,1
375.0,0.07,FCC_A1,1
375.0,0.08,FCC_A1,1
375.0,0.09,FCC_A1,1
375.0,0.1,FCC_A1,1
375.0,0.11,FCC_A1,1
375.0,0.12,FCC_A1,1
375.0,0.13,FCC_A1,1
375.0,0.14,FCC_A1,1
375.0,0.15,FCC_A1,1
375.0,0.16,FCC_A1,1
375.0,0.17,FCC_A1,1
375.0,0.18,FCC_A1,1
375.0,0.19,FCC_A1,1
375.0,0.2,FCC_A1,1
375.0,0.21,FCC_A1,1
375.0,0.22,FCC_A1,1
375.0,0.23,FCC_A1,1
375.0,0.24,FCC_A1,1
375.0,0.25,FCC_A1,1
375.0,0.26,FCC_A1,1
375.0,0.27,FCC_A1,1
375.0,0.28,FCC_A1,1
375.0,0.29,FCC_A1,1
375.0,0.3,FCC_A1,1
375.0,0.31,FCC_A1,1
375.0,0.32,FCC_A1,1
375.0,0.33,FCC_A1,1
375.0,0.34,FCC_A1,1
375.0,0.35,FCC_A1,1
375.0,0.36,FCC_A1,1
375.0,0.37,FCC_A1,1
375.0,0.38,FCC_A1,1
375.0,0.39,FCC_A1,1
375.0,0.4,FCC_A1,1
375.0,0.41,FCC_A1,1
375.0,0.42,FCC_A1,1
375.0,0.43,FCC_A1,1
375.0,0.44,FCC_A1,1
375.0,0.45,FCC_A1,1
375.0,0.46,FCC_A1,1
375.0,0.47,FCC_A1,1
375.0,0.48,FCC_A1,1
375.0,0.49,FCC_A1,1
375.0,0.5,FCC_A1,1
375.0,0.51,FCC_A1,1
375.0,0.52,FCC_A1,1
375.0,0.53,FCC_A1,1
375.0,0.54,FCC_A1,1
375.0,0.55,FCC_A1,1
375.0,0.56,FCC_A1,1
375.0,0.5700000000000001,FCC_A1,1
375.0,0.58,FCC_A1,1
375.0,0.59,FCC_A1,1
375.0,0.6,FCC_A1,1
375.0,0.61,FCC_A1,1
375.0,0.62,FCC_A1,1
375.0,0.63,FCC_A1,1
375.0,0.64,FCC_A1,1
375.0,0.65,FCC_A1,1
375.0,0.66,FCC_A1,1
375.0,0.67,FCC_A1,1
375.0,0.68,FCC_A1,1
375.0,0.6900000000000001,FCC_A1,1
375.0,0.7000000000000001,FCC_A1,1
375.0,0.71,FCC_A1,1
375.0,0.72,FCC_A1,1
375.0,0.73,FCC_A1,1
375.0,0.74,FCC_A1,1
375.0,0.75,FCC_A1,1
375.0,0.76,FCC_A1,1
375.0,0.77,FCC_A1,1
375.0,0.78,FCC_A1,1
375.0,0.79,FCC_A1,1
375.0,0.8,FCC_A1,1
375.0,0.81,FCC_A1,1
375.0,0.8200000000000001,FCC_A1,1
375.0,0.8300000000000001,FCC_A1,1
375.0,0.84,FCC_A1,1
375.0,0.85,FCC_A1,1
375.0,0.86,FCC_A1,1
375.0,0.87,FCC_A1,1
375.0,0.88,FCC_A1,1
375.0,0.89,FCC_A1,1
375.0,0.9,FCC_A1,1
375.0,0.91,FCC_A1,1
375.0,0.92,FCC_A1,1
375.0,0.93,FCC_A1,1
375.0,0.94,FCC_A1,1
375.0,0.95,FCC_A1,1
375.0,0.96,FCC_A1,1
375.0,0.97,FCC_A1,1
375.0,0.98,FCC_A1,1
375.0,0.99,FCC_A1,1
375.0,1.0,FCC_A1,1
400.0,0.0,FCC_A1,1
400.0,0.01,FCC_A1,1
400.0,0.02,FCC_A1,1
400.0,0.03,FCC_A1,1
400.0,0.04,FCC_A1,1
400.0,0.05,FCC_A1,1
400.0,0.06,FCC_A1,1
400.0,0.07,FCC_A1,1
400.0,0.08,FCC_A1,1
400.0,0.09,FCC_A1,1
400.0,0.1,FCC_A1,1
400.0,0.11,FCC_A1,1
400.0,0.12,FCC_A1,1
400.0,0.13,FCC_A1,1
400.0,0.14,FCC_A1,1
400.0,0.15,FCC_A1,1
400.0,0.16,FCC_A1,1
400.0,0.17,FCC_A1,1
400.0,0.18,FCC_A1,1
400.0,0.19,FCC_A1,1
400.0,0.2,FCC_A1,1
400.0,0.21,FCC_A1,1
400.0,0.22,FCC_A1,1
400.0,0.23,FCC_A1,1
400.0,0.24,FCC_A1,1
400.0,0.25,FCC_A1,1
400.0,0.26,FCC_A1,1
400.0,0.27,FCC_A1,1
400.0,0.28,FCC_A1,1
400.0,0.29,FCC_A1,1
400.0,0.3,FCC_A1,1
400.0,0.31,FCC_A1,1
400.0,0.32,FCC_A1,1
400.0,0.33,FCC_A1,1
400.0,0.34,FCC_A1,1
400.0,0.35,FCC_A1,1
400.0,0.36,FCC_A1,1
400.0,0.37,FCC_A1,1
400.0,0.38,FCC_A1,1
400.0,0.39,FCC_A1,1
400.0,0.4,FCC_A1,1
400.0,0.41,FCC_A1,1
400.0,0.42,FCC_A1,1
400.0,0.43,FCC_A1,1
400.0,0.44,FCC_A1,1
400.0,0.45,FCC_A1,1
400.0,0.46,FCC_A1,1
400.0,0.47,FCC_A1,1
400.0,0.48,FCC_A1,1
400.0,0.49,FCC_A1,1
400.0,0.5,FCC_A1,1
400.0,0.51,FCC_A1,1
400.0,0.52,FCC_A1,1
400.0,0.53,FCC_A1,1
400.0,0.54,FCC_A1,1
400.0,0.55,FCC_A1,1
400.0,0.56,FCC_A1,1
400.0,0.5700000000000001,FCC_A1,1
400.0,0.58,FCC_A1,1
400.0,0.59,FCC_A1,1
400.0,0.6,FCC_A1,1
400.0,0.61,FCC_A1,1
400.0,0.62,FCC_A1,1
400.0,0.63,FCC_A1,1
400.0,0.64,FCC_A1,1
400.0,0.65,FCC_A1,1
400.0,0.66,FCC_A1,1
400.0,0.67,FCC_A1,1
400.0,0.68,FCC_A1,1
400.0,0.6900000000000001,FCC_A1,1
400.0,0.7000000000000001,FCC_A1,1
400.0,0.71,FCC_A1,1
400.0,0.72,FCC_A1,1
400.0,0.73,FCC_A1,1
400.0,0.74,FCC_A1,1
400.0,0.75,FCC_A1,1
400.0,0.76,FCC_A1,1
400.0,0.77,FCC_A1,1
400.0,0.78,FCC_A1,1
400.0,0.79,FCC_A1,1
400.0,0.8,FCC_A1,1
400.0,0.81,FCC_A1,1
400.0,0.8200000000000001,FCC_A1,1
400.0,0.8300000000000001,FCC_A1,1
400.0,0.84,FCC_A1,1
400.0,0.85,FCC_A1,1
400.0,0.86,FCC_A1,1
400.0,0.87,FCC_A1,1
400.0,0.88,FCC_A1,1
400.0,0.89,FCC_A1,1
400.0,0.9,FCC_A1,1
400.0,0.91,FCC_A1,1
400.0,0.92,FCC_A1,1
400.0,0.93,FCC_A1,1
400.0,0.94,FCC_A1,1
400.0,0.95,FCC_A1,1
400.0,0.96,FCC_A1,1
400.0,0.97,FCC_A1,1
400.0,0.98,FCC_A1,1
400.0,0.99,FCC_A1,1
400.0,1.0,FCC_A1,1
425.0,0.0,FCC_A1,1
425.0,0.01,FCC_A1,1
425.0,0.02,FCC_A1,1
425.0,0.03,FCC_A1,1
425.0,0.04,FCC_A1,1
425.0,0.05,FCC_A1,1
425.0,0.06,FCC_A1,1
425.0,0.07,FCC_A1,1
425.0,0.08,FCC_A1,1
425.0,0.09,FCC_A1,1
425.0,0.1,FCC_A1,1
425.0,0.11,FCC_A1,1
425.0,0.12,FCC_A1,1
425.0,0.13,FCC_A1,1
425.0,0.14,FCC_A1,1
425.0,0.15,FCC_A1,1
425.0,0.16,FCC_A1,1
425.0,0.17,FCC_A1,1
425.0,0.18,FCC_A1,1
425.0,0.19,FCC_A1,1
425.0,0.2,FCC_A1,1
425.0,0.21,FCC_A1,1
425.0,0.22,FCC_A1,1
425.0,0.23,FCC_A1,1
425.0,0.24,FCC_A1,1
425.0,0.25,FCC_A1,1
425.0,0.26,FCC_A1,1
425.0,0.27,FCC_A1,1
425.0,0.28,FCC_A1,1
425.0,0.29,FCC_A1,1
425.0,0.3,FCC_A1,1
425.0,0.31,FCC_A1,1
425.0,0.32,FCC_A1,1
425.0,0.33,FCC_A1,1
425.0,0.34,FCC_A1,1
425.0,0.35,FCC_A1,1
425.0,0.36,FCC_A1,1
425.0,0.37,FCC_A1,1
425.0,0.38,FCC_A1,1
425.0,0.39,FCC_A1,1
425.0,0.4,FCC_A1,1
425.0,0.41,FCC_A1,1
425.0,0.42,FCC_A1,1
425.0,0.43,FCC_A1,1
425.0,0.44,FCC_A1,1
425.0,0.45,FCC_A1,1
425.0,0.46,FCC_A1,1
425.0,0.47,FCC_A1,1
425.0,0.48,FCC_A1,1
425.0,0.49,FCC_A1,1
425.0,0.5,FCC_A1,1
425.0,0.51,FCC_A1,1
425.0,0.52,FCC_A1,1
425.0,0.53,FCC_A1,1
425.0,0.54,FCC_A1,1
425.0,0.55,FCC_A1,1
425.0,0.56,FCC_A1,1
425.0,0.5700000000000001,FCC_A1,1
425.0,0.58,FCC_A1,1
425.0,0.59,FCC_A1,1
425.0,0.6,FCC_A1,1
425.0,0.61,FCC_A1,1
425.0,0.62,FCC_A1,1
425.0,0.63,FCC_A1,1
425.0,0.64,FCC_A1,1
425.0,0.65,FCC_A1,1
425.0,0.66,FCC_A1,1
425.0,0.67,FCC_A1,1
425.0,0.68,FCC_A1,1
425.0,0.6900000000000001,FCC_A1,1
425.0,0.7000000000000001,FCC_A1,1
425.0,0.71,FCC_A1,1
425.0,0.72,FCC_A1,1
425.0,0.73,FCC_A1,1
425.0,0.74,FCC_A1,1
425.0,0.75,FCC_A1,1
425.0,0.76,FCC_A1,1
425.0,0.77,FCC_A1,1
425.0,0.78,FCC_A1,1
425.0,0.79,FCC_A1,1
425.0,0.8,FCC_A1,1
425.0,0.81,FCC_A1,1
425.0,0.8200000000000001,FCC_A1,1
425.0,0.8300000000000001,FCC_A1,1
425.0,0.84,FCC_A1,1
425.0,0.85,FCC_A1,1
425.0,0.86,FCC_A1,1
425.0,0.87,FCC_A1,1
425.0,0.88,FCC_A1,1
425.0,0.89,FCC_A1,1
425.0,0.9,FCC_A1,1
425.0,0.91,FCC_A1,1
425.0,0.92,FCC_A1,1
425.0,0.93,FCC_A1,1
425.0,0.94,FCC_A1,1
425.0,0.95,FCC_A1,1
425.0,0.96,FCC_A1,1
425.0,0.97,FCC_A1,1
425.0,0.98,FCC_A1,1
425.0,0.99,FCC_A1,1
425.0,1.0,FCC_A1,1
450.0,0.0,FCC_A1,1
450.0,0.01,FCC_A1,1
450.0,0.02,FCC_A1,1
450.0,0.03,FCC_A1,1
450.0,0.04,FCC_A1,1
450.0,0.05,FCC_A1,1
450.0,0.06,FCC_A1,1
450.0,0.07,FCC_A1,1
450.0,0.08,FCC_A1,1
450.0,0.09,FCC_A1,1
450.0,0.1,FCC_A1,1
450.0,0.11,FCC_A1,1
450.0,0.12,FCC_A1,1
450.0,0.13,FCC_A1,1
450.0,0.14,FCC_A1,1
450.0,0.15,FCC_A1,1
450.0,0.16,FCC_A1,1
450.0,0.17,FCC_A1,1
450.0,0.18,FCC_A1,1
450.0,0.19,FCC_A1,1
450.0,0.2,FCC_A1,1
450.0,0.21,FCC_A1,1
450.0,0.22,FCC_A1,1
450.0,0.23,FCC_A1,1
450.0,0.24,FCC_A1,1
450.0,0.25,FCC_A1,1
450.0,0.26,FCC_A1,1
450.0,0.27,FCC_A1,1
450.0,0.28,FCC_A1,1
450.0,0.29,FCC_A1,1
450.0,0.3,FCC_A1,1
450.0,0.31,FCC_A1,1
450.0,0.32,FCC_A1,1
450.0,0.33,FCC_A1,1
450.0,0.34,FCC_A1,1
450.0,0.35,FCC_A1,1
450.0,0.36,FCC_A1,1
450.0,0.37,FCC_A1,1
450.0,0.38,FCC_A1,1
450.0,0.39,FCC_A1,1
450.0,0.4,FCC_A1,1
450.0,0.41,FCC_A1,1
450.0,0.42,FCC_A1,1
450.0,0.43,FCC_A1,1
450.0,0.44,FCC_A1,1
450.0,0.45,FCC_A1,1
450.0,0.46,FCC_A1,1
450.0,0.47,FCC_A1,1
450.0,0.48,FCC_A1,1
450.0,0.49,FCC_A1,1
450.0,0.5,FCC_A1,1
450.0,0.51,FCC_A1,1
450.0,0.52,FCC_A1,1
450.0,0.53,FCC_A1,1
450.0,0.54,FCC_A1,1
450.0,0.55,FCC_A1,1
450.0,0.56,FCC_A1,1
450.0,0.5700000000000001,FCC_A1,1
450.0,0.58,FCC_A1,1
450.0,0.59,FCC_A1,1
450.0,0.6,FCC_A1,1
450.0,0.61,FCC_A1,1
450.0,0.62,FCC_A1,1
450.0,0.63,FCC_A1,1
450.0,0.64,FCC_A1,1
450.0,0.65,FCC_A1,1
450.0,0.66,FCC_A1,1
450.0,0.67,FCC_A1,1
450.0,0.68,FCC_A1,1
450.0,0.6900000000000001,FCC_A1,1
450.0,0.7000000000000001,FCC_A1,1
450.0,0.71,FCC_A1,1
450.0,0.72,FCC_A1,1
450.0,0.73,FCC_A1,1
450.0,0.74,FCC_A1,1
450.0,0.75,FCC_A1,1
450.0,0.76,FCC_A1,1
450.0,0.77,FCC_A1,1
450.0,0.78,FCC_A1,1
450.0,0.79,FCC_A1,1
450.0,0.8,FCC_A1,1
450.0,0.81,FCC_A1,1
450.0,0.8200000000000001,FCC_A1,1
450.0,0.8300000000000001,FCC_A1,1
450.0,0.84,FCC_A1,1
450.0,0.85,FCC_A1,1
450.0,0.86,FCC_A1,1
450.0,0.87,FCC_A1,1
450.0,0.88,FCC_A1,1
450.0,0.89,FCC_A1,1
450.0,0.9,FCC_A1,1
450.0,0.91,FCC_A1,1
450.0,0.92,FCC_A1,1
450.0,0.93,FCC_A1,1
450.0,0.94,FCC_A1,1
450.0,0.95,FCC_A1,1
450.0,0.96,FCC_A1,1
450.0,0.97,FCC_A1,1
450.0,0.98,FCC_A1,1
450.0,0.99,FCC_A1,1
450.0,1.0,FCC_A1,1
475.0,0.0,FCC_A1,1
475.0,0.01,FCC_A1,1
475.0,0.02,FCC_A1,1
475.0,0.03,FCC_A1,1
475.0,0.04,FCC_A1,1
475.0,0.05,FCC_A1,1
475.0,0.06,FCC_A1,1
475.0,0.07,FCC_A1,1
475.0,0.08,FCC_A1,1
475.0,0.09,FCC_A1,1
475.0,0.1,FCC_A1,1
475.0,0.11,FCC_A1,1
475.0,0.12,FCC_A1,1
475.0,0.13,FCC_A1,1
475.0,0.14,FCC_A1,1
475.0,0.15,FCC_A1,1
475.0,0.16,FCC_A1,1
475.0,0.17,FCC_A1,1
475.0,0.18,FCC_A1,1
475.0,0.19,FCC_A1,1
475.0,0.2,FCC_A1,1
475.0,0.21,FCC_A1,1
475.0,0.22,FCC_A1,1
475.0,0.23,FCC_A1,1
475.0,0.24,FCC_A1,1
475.0,0.25,FCC_A1,1
475.0,0.26,FCC_A1,1
475.0,0.27,FCC_A1,1
475.0,0.28,FCC_A1,1
475.0,0.29,FCC_A1,1
475.0,0.3,FCC_A1,1
475.0,0.31,FCC_A1,1
475.0,0.32,FCC_A1,1
475.0,0.33,FCC_A1,1
475.0,0.34,FCC_A1,1
475.0,0.35,FCC_A1,1
475.0,0.36,FCC_A1,1
475.0,0.37,FCC_A1,1
475.0,0.38,FCC_A1,1
475.0,0.39,FCC_A1,1
475.0,0.4,FCC_A1,1
475.0,0.41,FCC_A1,1
475.0,0.42,FCC_A1,1
475.0,0.43,FCC_A1,1
475.0,0.44,FCC_A1,1
475.0,0.45,FCC_A1,1
475.0,0.46,FCC_A1,1
475.0,0.47,FCC_A1,1
475.0,0.48,FCC_A1,1
475.0,0.49,FCC_A1,1
475.0,0.5,FCC_A1,1
475.0,0.51,FCC_A1,1
475.0,0.52,FCC_A1,1
475.0,0.53,FCC_A1,1
475.0,0.54,FCC_A1,1
475.0,0.55,FCC_A1,1
475.0,0.56,FCC_A1,1
475.0,0.5700000000000001,FCC_A1,1
475.0,0.58,FCC_A1,1
475.0,0.59,FCC_A1,1
475.0,0.6,FCC_A1,1
475.0,0.61,FCC_A1,1
475.0,0.62,FCC_A1,1
475.0,0.63,FCC_A1,1
475.0,0.64,FCC_A1,1
475.0,0.65,FCC_A1,1
475.0,0.66,FCC_A1,1
475.0,0.67,FCC_A1,1
475.0,0.68,FCC_A1,1
475.0,0.6900000000000001,FCC_A1,1
475.0,0.7000000000000001,FCC_A1,1
475.0,0.71,FCC_A1,1
475.0,0.72,FCC_A1,1
475.0,0.73,FCC_A1,1
475.0,0.74,FCC_A1,1
475.0,0.75,FCC_A1,1
475.0,0.76,FCC_A1,1
475.0,0.77,FCC_A1,1
475.0,0.78,FCC_A1,1
475.0,0.79,FCC_A1,1
475.0,0.8,FCC_A1,1
475.0,0.81,FCC_A1,1
475.0,0.8200000000000001,FCC_A1,1
475.0,0.8300000000000001,FCC_A1,1
475.0,0.84,FCC_A1,1
475.0,0.85,FCC_A1,1
475.0,0.86,FCC_A1,1
475.0,0.87,FCC_A1,1
475.0,0.88,FCC_A1,1
475.0,0.89,FCC_A1,1
475.0,0.9,FCC_A1,1
475.0,0.91,FCC_A1,1
475.0,0.92,FCC_A1,1
475.0,0.93,FCC_A1,1
475.0,0.94,FCC_A1,1
475.0,0.95,FCC_A1,1
475.0,0.96,FCC_A1,1
475.0,0.97,FCC_A1,1
475.0,0.98,FCC_A1,1
475.0,0.99,FCC_A1,1
475.0,1.0,FCC_A1,1
500.0,0.0,FCC_A1,1
500.0,0.01,FCC_A1,1
500.0,0.02,FCC_A1,1
500.0,0.03,FCC_A1,1
500.0,0.04,FCC_A1,1
500.0,0.05,FCC_A1,1
500.0,0.06,FCC_A1,1
500.0,0.07,FCC_A1,1
500.0,0.08,FCC_A1,1
500.0,0.09,FCC_A1,1
500.0,0.1,FCC_A1,1
500.0,0.11,FCC_A1,1
500.0,0.12,FCC_A1,1
500.0,0.13,FCC_A1,1
500.0,0.14,FCC_A1,1
500.0,0.15,FCC_A1,1
500.0,0.16,FCC_A1,1
500.0,0.17,FCC_A1,1
500.0,0.18,FCC_A1,1
500.0,0.19,FCC_A1,1
500.0,0.2,FCC_A1,1
500.0,0.21,FCC_A1,1
500.0,0.22,FCC_A1,1
500.0,0.23,FCC_A1,1
500.0,0.24,FCC_A1,1
500.0,0.25,FCC_A1,1
500.0,0.26,FCC_A1,1
500.0,0.27,FCC_A1,1
500.0,0.28,FCC_A1,1
500.0,0.29,FCC_A1,1
500.0,0.3,FCC_A1,1
500.0,0.31,FCC_A1,1
500.0,0.32,FCC_A1,1
500.0,0.33,FCC_A1,1
500.0,0.34,FCC_A1,1
500.0,0.35,FCC_A1,1
500.0,0.36,FCC_A1,1
500.0,0.37,FCC_A1,1
500.0,0.38,FCC_A1,1
500.0,0.39,FCC_A1,1
500.0,0.4,FCC_A1,1
500.0,0.41,FCC_A1,1
500.0,0.42,FCC_A1,1
500.0,0.43,FCC_A1,1
500.0,0.44,FCC_A1,1
500.0,0.45,FCC_A1,1
500.0,0.46,FCC_A1,1
500.0,0.47,FCC_A1,1
500.0,0.48,FCC_A1,1
500.0,0.49,FCC_A1,1
500.0,0.5,FCC_A1,1
500.0,0.51,FCC_A1,1
500.0,0.52,FCC_A1,1
500.0,0.53,FCC_A1,1
500.0,0.54,FCC_A1,1
500.0,0.55,FCC_A1,1
500.0,0.56,FCC_A1,1
500.0,0.5700000000000001,FCC_A1,1
500.0,0.58,FCC_A1,1
500.0,0.59,FCC_A1,1
500.0,0.6,FCC_A1,1
500.0,0.61,FCC_A1,1
500.0,0.62,FCC_A1,1
500.0,0.63,FCC_A1,1
500.0,0.64,FCC_A1,1
500.0,0.65,FCC_A1,1
500.0,0.66,FCC_A1,1
500.0,0.67,FCC_A1,1
500.0,0.68,FCC_A1,1
500.0,0.6900000000000001,FCC_A1,1
500.0,0.7000000000000001,FCC_A1,1
500.0,0.71,FCC_A1,1
500.0,0.72,FCC_A1,1
500.0,0.73,FCC_A1,1
500.0,0.74,FCC_A1,1
500.0,0.75,FCC_A1,1
500.0,0.76,FCC_A1,1
500.0,0.77,FCC_A1,1
500.0,0.78,FCC_A1,1
500.0,0.79,FCC_A1,1
500.0,0.8,FCC_A1,1
500.0,0.81,FCC_A1,1
500.0,0.8200000000000001,FCC_A1,1
500.0,0.8300000000000001,FCC_A1,1
500.0,0.84,FCC_A1,1
500.0,0.85,FCC_A1,1
500.0,0.86,FCC_A1,1
500.0,0.87,FCC_A1,1
500.0,0.88,FCC_A1,1
500.0,0.89,FCC_A1,1
500.0,0.9,FCC_A1,1
500.0,0.91,FCC_A1,1
500.0,0.92,FCC_A1,1
500.0,0.93,FCC_A1,1
500.0,0.94,FCC_A1,1
500.0,0.95,FCC_A1,1
500.0,0.96,FCC_A1,1
500.0,0.97,FCC_A1,1
500.0,0.98,FCC_A1,1
500.0,0.99,FCC_A1,1
500.0,1.0,FCC_A1,1
525.0,0.0,FCC_A1,1
525.0,0.01,FCC_A1,1
525.0,0.02,FCC_A1,1
525.0,0.03,FCC_A1,1
525.0,0.04,FCC_A1,1
525.0,0.05,FCC_A1,1
525.0,0.06,FCC_A1,1
525.0,0.07,FCC_A1,1
525.0,0.08,FCC_A1,1
525.0,0.09,FCC_A1,1
525.0,0.1,FCC_A1,1
525.0,0.11,FCC_A1,1
525.0,0.12,FCC_A1,1
525.0,0.13,FCC_A1,1
525.0,0.14,FCC_A1,1
525.0,0.15,FCC_A1,1
525.0,0.16,FCC_A1,1
525.0,0.17,FCC_A1,1
525.0,0.18,FCC_A1,1
525.0,0.19,FCC_A1,1
525.0,0.2,FCC_A1,1
525.0,0.21,FCC_A1,1
525.0,0.22,FCC_A1,1
525.0,0.23,FCC_A1,1
525.0,0.24,FCC_A1,1
525.0,0.25,FCC_A1,1
525.0,0.26,FCC_A1,1
525.0,0.27,FCC_A1,1
525.0,0.28,FCC_A1,1
525.0,0.29,FCC_A1,1
525.0,0.3,FCC_A1,1
525.0,0.31,FCC_A1,1
525.0,0.32,FCC_A1,1
525.0,0.33,FCC_A1,1
525.0,0.34,FCC_A1,1
525.0,0.35,FCC_A1,1
525.0,0.36,FCC_A1,1
525.0,0.37,FCC_A1,1
525.0,0.38,FCC_A1,1
525.0,0.39,FCC_A1,1
525.0,0.4,FCC_A1,1
525.0,0.41,FCC_A1,1
525.0,0.42,FCC_A1,1
525.0,0.43,FCC_A1,1
525.0,0.44,FCC_A1,1
525.0,0.45,FCC_A1,1
525.0,0.46,FCC_A1,1
525.0,0.47,FCC_A1,1
525.0,0.48,FCC_A1,1
525.0,0.49,FCC_A1,1
525.0,0.5,FCC_A1,1
525.0,0.51,FCC_A1,1
525.0,0.52,FCC_A1,1
525.0,0.53,FCC_A1,1
525.0,0.54,FCC_A1,1
525.0,0.55,FCC_A1,1
525.0,0.56,FCC_A1,1
525.0,0.5700000000000001,FCC_A1,1
525.0,0.58,FCC_A1,1
525.0,0.59,FCC_A1,1
525.0,0.6,FCC_A1,1
525.0,0.61,FCC_A1,1
525.0,0.62,FCC_A1,1
525.0,0.63,FCC_A1,1
525.0,0.64,FCC_A1,1
525.0,0.65,FCC_A1,1
525.0,0.66,FCC_A1,1
525.0,0.67,FCC_A1,1
525.0,0.68,FCC_A1,1
525.0,0.6900000000000001,FCC_A1,1
525.0,0.7000000000000001,FCC_A1,1
525.0,0.71,FCC_A1,1
525.0,0.72,FCC_A1,1
525.0,0.73,FCC_A1,1
525.0,0.74,FCC_A1,1
525.0,0.75,FCC_A1,1
525.0,0.76,FCC_A1,1
525.0,0.77,FCC_A1,1
525.0,0.78,FCC_A1,1
525.0,0.79,FCC_A1,1
525.0,0.8,FCC_A1,1
525.0,0.81,FCC_A1,1
525.0,0.8200000000000001,FCC_A1,1
525.0,0.8300000000000001,FCC_A1,1
525.0,0.84,FCC_A1,1
525.0,0.85,FCC_A1,1
525.0,0.86,FCC_A1,1
525.0,0.87,FCC_A1,1
525.0,0.88,FCC_A1,1
525.0,0.89,FCC_A1,1
525.0,0.9,FCC_A1,1
525.0,0.91,FCC_A1,1
525.0,0.92,FCC_A1,1
525.0,0.93,FCC_A1,1
525.0,0.94,FCC_A1,1
525.0,0.95,FCC_A1,1
525.0,0.96,FCC_A1,1
525.0,0.97,FCC_A1,1
525.0,0.98,FCC_A1,1
525.0,0.99,FCC_A1,1
525.0,1.0,FCC_A1,1
550.0,0.0,FCC_A1,1
550.0,0.01,FCC_A1,1
550.0,0.02,FCC_A1,1
550.0,0.03,FCC_A1,1
550.0,0.04,FCC_A1,1
550.0,0.05,FCC_A1,1
550.0,0.06,FCC_A1,1
550.0,0.07,FCC_A1,1
550.0,0.08,FCC_A1,1
550.0,0.09,FCC_A1,1
550.0,0.1,FCC_A1,1
550.0,0.11,FCC_A1,1
550.0,0.12,FCC_A1,1
550.0,0.13,FCC_A1,1
550.0,0.14,FCC_A1,1
550.0,0.15,FCC_A1,1
550.0,0.16,FCC_A1,1
550.0,0.17,FCC_A1,1
550.0,0.18,FCC_A1,1
550.0,0.19,FCC_A1,1
550.0,0.2,FCC_A1,1
550.0,0.21,FCC_A1,1
550.0,0.22,FCC_A1,1
550.0,0.23,FCC_A1,1
550.0,0.24,FCC_A1,1
550.0,0.25,FCC_A1,1
550.0,0.26,FCC_A1,1
550.0,0.27,FCC_A1,1
550.0,0.28,FCC_A1,1
550.0,0.29,FCC_A1,1
550.0,0.3,FCC_A1,1
550.0,0.31,FCC_A1,1
550.0,0.32,FCC_A1,1
550.0,0.33,FCC_A1,1
550.0,0.34,FCC_A1,1
550.0,0.35,FCC_A1,1
550.0,0.36,FCC_A1,1
550.0,0.37,FCC_A1,1
550.0,0.38,FCC_A1,1
550.0,0.39,FCC_A1,1
550.0,0.4,FCC_A1,1
550.0,0.41,FCC_A1,1
550.0,0.42,FCC_A1,1
550.0,0.43,FCC_A1,1
550.0,0.44,FCC_A1,1
550.0,0.45,FCC_A1,1
550.0,0.46,FCC_A1,1
550.0,0.47,FCC_A1,1
550.0,0.48,FCC_A1,1
550.0,0.49,FCC_A1,1
550.0,0.5,FCC_A1,1
550.0,0.51,FCC_A1,1
550.0,0.52,FCC_A1,1
550.0,0.53,FCC_A1,1
550.0,0.54,FCC_A1,1
550.0,0.55,FCC_A1,1
550.0,0.56,FCC_A1,1
550.0,0.5700000000000001,FCC_A1,1
550.0,0.58,FCC_A1,1
550.0,0.59,FCC_A1,1
550.0,0.6,FCC_A1,1
550.0,0.61,FCC_A1,1
550.0,0.62,FCC_A1,1
550.0,0.63,FCC_A1,1
550.0,0.64,FCC_A1,1
550.0,0.65,FCC_A1,1
550.0,0.66,FCC_A1,1
550.0,0.67,FCC_A1,1
550.0,0.68,FCC_A1,1
550.0,0.6900000000000001,FCC_A1,1
550.0,0.7000000000000001,FCC_A1,1
550.0,0.71,FCC_A1,1
550.0,0.72,FCC_A1,1
550.0,0.73,FCC_A1,1
550.0,0.74,FCC_A1,1
550.0,0.75,FCC_A1,1
550.0,0.76,FCC_A1,1
550.0,0.77,FCC_A1,1
550.0,0.78,FCC_A1,1
550.0,0.79,FCC_A1,1
550.0,0.8,FCC_A1,1
550.0,0.81,FCC_A1,1
550.0,0.8200000000000001,FCC_A1,1
550.0,0.8300000000000001,FCC_A1,1
550.0,0.84,FCC_A1,1
550.0,0.85,FCC_A1,1
550.0,0.86,FCC_A1,1
550.0,0.87,FCC_A1,1
550.0,0.88,FCC_A1,1
550.0,0.89,FCC_A1,1
550.0,0.9,FCC_A1,1
550.0,0.91,FCC_A1,1
550.0,0.92,FCC_A1,1
550.0,0.93,FCC_A1,1
550.0,0.94,FCC_A1,1
550.0,0.95,FCC_A1,1
550.0,0.96,FCC_A1,1
550.0,0.97,FCC_A1,1
550.0,0.98,FCC_A1,1
550.0,0.99,FCC_A1,1
550.0,1.0,FCC_A1,1
575.0,0.0,FCC_A1,1
575.0,0.01,FCC_A1,1
575.0,0.02,FCC_A1,1
575.0,0.03,FCC_A1,1
575.0,0.04,FCC_A1,1
575.0,0.05,FCC_A1,1
575.0,0.06,FCC_A1,1
575.0,0.07,FCC_A1,1
575.0,0.08,FCC_A1,1
575.0,0.09,FCC_A1,1
575.0,0.1,FCC_A1,1
575.0,0.11,FCC_A1,1
575.0,0.12,FCC_A1,1
575.0,0.13,FCC_A1,1
575.0,0.14,FCC_A1,1
575.0,0.15,FCC_A1,1
575.0,0.16,FCC_A1,1
575.0,0.17,FCC_A1,1
575.0,0.18,FCC_A1,1
575.0,0.19,FCC_A1,1
575.0,0.2,FCC_A1,1
575.0,0.21,FCC_A1,1
575.0,0.22,FCC_A1,1
575.0,0.23,FCC_A1,1
575.0,0.24,FCC_A1,1
575.0,0.25,FCC_A1,1
575.0,0.26,FCC_A1,1
575.0,0.27,FCC_A1,1
575.0,0.28,FCC_A1,1
575.0,0.29,FCC_A1,1
575.0,0.3,FCC_A1,1
575.0,0.31,FCC_A1,1
575.0,0.32,FCC_A1,1
575.0,0.33,FCC_A1,1
575.0,0.34,FCC_A1,1
575.0,0.35,FCC_A1,1
575.0,0.36,FCC_A1,1
575.0,0.37,FCC_A1,1
575.0,0.38,FCC_A1,1
575.0,0.39,FCC_A1,1
575.0,0.4,FCC_A1,1
575.0,0.41,FCC_A1,1
575.0,0.42,FCC_A1,1
575.0,0.43,FCC_A1,1
575.0,0.44,FCC_A1,1
575.0,0.45,FCC_A1,1
575.0,0.46,FCC_A1,1
575.0,0.47,FCC_A1,1
575.0,0.48,FCC_A1,1
575.0,0.49,FCC_A1,1
575.0,0.5,FCC_A1,1
575.0,0.51,FCC_A1,1
575.0,0.52,FCC_A1,1
575.0,0.53,FCC_A1,1
575.0,0.54,FCC_A1,1
575.0,0.55,FCC_A1,1
575.0,0.56,FCC_A1,1
575.0,0.5700000000000001,FCC_A1,1
575.0,0.58,FCC_A1,1
575.0,0.59,FCC_A1,1
575.0,0.6,FCC_A1,1
575.0,0.61,FCC_A1,1
575.0,0.62,FCC_A1,1
575.0,0.63,FCC_A1,1
575.0,0.64,FCC_A1,1
575.0,0.65,FCC_A1,1
575.0,0.66,FCC_A1,1
575.0,0.67,FCC_A1,1
575.0,0.68,FCC_A1,1
575.0,0.6900000000000001,FCC_A1,1
575.0,0.7000000000000001,FCC_A1,1
575.0,0.71,FCC_A1,1
575.0,0.72,FCC_A1,1
575.0,0.73,FCC_A1,1
575.0,0.74,FCC_A1,1
575.0,0.75,FCC_A1,1
575.0,0.76,FCC_A1,1
575.0,0.77,FCC_A1,1
575.0,0.78,FCC_A1,1
575.0,0.79,FCC_A1,1
575.0,0.8,FCC_A1,1
575.0,0.81,FCC_A1,1
575.0,0.8200000000000001,FCC_A1,1
575.0,0.8300000000000001,FCC_A1,1
575.0,0.84,FCC_A1,1
575.0,0.85,FCC_A1,1
575.0,0.86,FCC_A1,1
575.0,0.87,FCC_A1,1
575.0,0.88,FCC_A1,1
575.0,0.89,FCC_A1,1
575.0,0.9,FCC_A1,1
575.0,0.91,FCC_A1,1
575.0,0.92,FCC_A1,1
575.0,0.93,FCC_A1,1
575.0,0.94,FCC_A1,1
575.0,0.95,FCC_A1,1
575.0,0.96,FCC_A1,1
575.0,0.97,FCC_A1,1
575.0,0.98,FCC_A1,1
575.0,0.99,FCC_A1,1
575.0,1.0,FCC_A1,1
600.0,0.0,FCC_A1,1
600.0,0.01,FCC_A1,1
600.0,0.02,FCC_A1,1
600.0,0.03,FCC_A1,1
600.0,0.04,FCC_A1,1
600.0,0.05,FCC_A1,1
600.0,0.06,FCC_A1,1
600.0,0.07,FCC_A1,1
600.0,0.08,FCC_A1,1
600.0,0.09,FCC_A1,1
600.0,0.1,FCC_A1,1
600.0,0.11,FCC_A1,1
600.0,0.12,FCC_A1,1
600.0,0.13,FCC_A1,1
600.0,0.14,FCC_A1,1
600.0,0.15,FCC_A1,1
600.0,0.16,FCC_A1,1
600.0,0.17,FCC_A1,1
600.0,0.18,FCC_A1,1
600.0,0.19,FCC_A1,1
600.0,0.2,FCC_A1,1
600.0,0.21,FCC_A1,1
600.0,0.22,FCC_A1,1
600.0,0.23,FCC_A1,1
600.0,0.24,FCC_A1,1
600.0,0.25,FCC_A1,1
600.0,0.26,FCC_A1,1
600.0,0.27,FCC_A1,1
600.0,0.28,FCC_A1,1
600.0,0.29,FCC_A1,1
600.0,0.3,FCC_A1,1
600.0,0.31,FCC_A1,1
600.0,0.32,FCC_A1,1
600.0,0.33,FCC_A1,1
600.0,0.34,FCC_A1,1
600.0,0.35,FCC_A1,1
600.0,0.36,FCC_A1,1
600.0,0.37,FCC_A1,1
600.0,0.38,FCC_A1,1
600.0,0.39,FCC_A1,1
600.0,0.4,FCC_A1,1
600.0,0.41,FCC_A1,1
600.0,0.42,FCC_A1,1
600.0,0.43,FCC_A1,1
600.0,0.44,FCC_A1,1
600.0,0.45,FCC_A1,1
600.0,0.46,FCC_A1,1
600.0,0.47,FCC_A1,1
600.0,0.48,FCC_A1,1
600.0,0.49,FCC_A1,1
600.0,0.5,FCC_A1,1
600.0,0.51,FCC_A1,1
600.0,0.52,FCC_A1,1
600.0,0.53,FCC_A1,1
600.0,0.54,FCC_A1,1
600.0,0.55,FCC_A1,1
600.0,0.56,FCC_A1,1
600.0,0.5700000000000001,FCC_A1,1
600.0,0.58,FCC_A1,1
600.0,0.59,FCC_A1,1
600.0,0.6,FCC_A1,1
600.0,0.61,FCC_A1,1
600.0,0.62,FCC_A1,1
600.0,0.63,FCC_A1,1
600.0,0.64,FCC_A1,1
600.0,0.65,FCC_A1,1
600.0,0.66,FCC_A1,1
600.0,0.67,FCC_A1,1
600.0,0.68,FCC_A1,1
600.0,0.6900000000000001,FCC_A1,1
600.0,0.7000000000000001,FCC_A1,1
600.0,0.71,FCC_A1,1
600.0,0.72,FCC_A1,1
600.0,0.73,FCC_A1,1
600.0,0.74,FCC_A1,1
600.0,0.75,FCC_A1,1
600.0,0.76,FCC_A1,1
600.0,0.77,FCC_A1,1
600.0,0.78,FCC_A1,1
600.0,0.79,FCC_A1,1
600.0,0.8,FCC_A1,1
600.0,0.81,FCC_A1,1
600.0,0.8200000000000001,FCC_A1,1
600.0,0.8300000000000001,FCC_A1,1
600.0,0.84,FCC_A1,1
600.0,0.85,FCC_A1,1
600.0,0.86,FCC_A1,1
600.0,0.87,FCC_A1,1
600.0,0.88,FCC_A1,1
600.0,0.89,FCC_A1,1
600.0,0.9,FCC_A1,1
600.0,0.91,FCC_A1,1
600.0,0.92,FCC_A1,1
600.0,0.93,FCC_A1,1
600.0,0.94,FCC_A1,1
600.0,0.95,FCC_A1,1
600.0,0.96,FCC_A1,1
600.0,0.97,FCC_A1,1
600.0,0.98,FCC_A1,1
600.0,0.99,FCC_A1,1
600.0,1.0,FCC_A1,1
625.0,0.0,FCC_A1,1
625.0,0.01,FCC_A1,1
625.0,0.02,FCC_A1,1
625.0,0.03,FCC_A1,1
625.0,0.04,FCC_A1,1
625.0,0.05,FCC_A1,1
625.0,0.06,FCC_A1,1
625.0,0.07,FCC_A1,1
625.0,0.08,FCC_A1,1
625.0,0.09,FCC_A1,1
625.0,0.1,FCC_A1,1
625.0,0.11,FCC_A1,1
625.0,0.12,FCC_A1,1
625.0,0.13,FCC_A1,1
625.0,0.14,FCC_A1,1
625.0,0.15,FCC_A1,1
625.0,0.16,FCC_A1,1
625.0,0.17,FCC_A1,1
625.0,0.18,FCC_A1,1
625.0,0.19,FCC_A1,1
625.0,0.2,FCC_A1,1
625.0,0.21,FCC_A1,1
625.0,0.22,FCC_A1,1
625.0,0.23,FCC_A1,1
625.0,0.24,FCC_A1,1
625.0,0.25,FCC_A1,1
625.0,0.26,FCC_A1,1
625.0,0.27,FCC_A1,1
625.0,0.28,FCC_A1,1
625.0,0.29,FCC_A1,1
625.0,0.3,FCC_A1,1
625.0,0.31,FCC_A1,1
625.0,0.32,FCC_A1,1
625.0,0.33,FCC_A1,1
625.0,0.34,FCC_A1,1
625.0,0.35,FCC_A1,1
625.0,0.36,FCC_A1,1
625.0,0.37,FCC_A1,1
625.0,0.38,FCC_A1,1
625.0,0.39,FCC_A1,1
625.0,0.4,FCC_A1,1
625.0,0.41,FCC_A1,1
625.0,0.42,FCC_A1,1
625.0,0.43,FCC_A1,1
625.0,0.44,FCC_A1,1
625.0,0.45,FCC_A1,1
625.0,0.46,FCC_A1,1
625.0,0.47,FCC_A1,1
625.0,0.48,FCC_A1,1
625.0,0.49,FCC_A1,1
625.0,0.5,FCC_A1,1
625.0,0.51,FCC_A1,1
625.0,0.52,FCC_A1,1
625.0,0.53,FCC_A1,1
625.0,0.54,FCC_A1,1
625.0,0.55,FCC_A1,1
625.0,0.56,FCC_A1,1
625.0,0.5700000000000001,FCC_A1,1
625.0,0.58,FCC_A1,1
625.0,0.59,FCC_A1,1
625.0,0.6,FCC_A1,1
625.0,0.61,FCC_A1,1
625.0,0.62,FCC_A1,1
625.0,0.63,FCC_A1,1
625.0,0.64,FCC_A1,1
625.0,0.65,FCC_A1,1
625.0,0.66,FCC_A1,1
625.0,0.67,FCC_A1,1
625.0,0.68,FCC_A1,1
625.0,0.6900000000000001,FCC_A1,1
625.0,0.7000000000000001,FCC_A1,1
625.0,0.71,FCC_A1,1
625.0,0.72,FCC_A1,1
625.0,0.73,FCC_A1,1
625.0,0.74,FCC_A1,1
625.0,0.75,FCC_A1,1
625.0,0.76,FCC_A1,1
625.0,0.77,FCC_A1,1
625.0,0.78,FCC_A1,1
625.0,0.79,FCC_A1,1
625.0,0.8,FCC_A1,1
625.0,0.81,FCC_A1,1
625.0,0.8200000000000001,FCC_A1,1
625.0,0.8300000000000001,FCC_A1,1
625.0,0.84,FCC_A1,1
625.0,0.85,FCC_A1,1
625.0,0.86,FCC_A1,1
625.0,0.87,FCC_A1,1
625.0,0.88,FCC_A1,1
625.0,0.89,FCC_A1,1
625.0,0.9,FCC_A1,1
625.0,0.91,FCC_A1,1
625.0,0.92,FCC_A1,1
625.0,0.93,FCC_A1,1
625.0,0.94,FCC_A1,1
625.0,0.95,FCC_A1,1
625.0,0.96,FCC_A1,1
625.0,0.97,FCC_A1,1
625.0,0.98,FCC_A1,1
625.0,0.99,FCC_A1,1
625.0,1.0,FCC_A1,1
650.0,0.0,FCC_A1,1
650.0,0.01,FCC_A1,1
650.0,0.02,FCC_A1,1
650.0,0.03,FCC_A1,1
650.0,0.04,FCC_A1,1
650.0,0.05,FCC_A1,1
650.0,0.06,FCC_A1,1
650.0,0.07,FCC_A1,1
650.0,0.08,FCC_A1,1
650.0,0.09,FCC_A1,1
650.0,0.1,FCC_A1,1
650.0,0.11,FCC_A1,1
650.0,0.12,FCC_A1,1
650.0,0.13,FCC_A1,1
650.0,0.14,FCC_A1,1
650.0,0.15,FCC_A1,1
650.0,0.16,FCC_A1,1
650.0,0.17,FCC_A1,1
650.0,0.18,FCC_A1,1
650.0,0.19,FCC_A1,1
650.0,0.2,FCC_A1,1
650.0,0.21,FCC_A1,1
650.0,0.22,FCC_A1,1
650.0,0.23,FCC_A1,1
650.0,0.24,FCC_A1,1
650.0,0.25,FCC_A1,1
650.0,0.26,FCC_A1,1
650.0,0.27,FCC_A1,1
650.0,0.28,FCC_A1,1
650.0,0.29,FCC_A1,1
650.0,0.3,FCC_A1,1
650.0,0.31,FCC_A1,1
650.0,0.32,FCC_A1,1
650.0,0.33,FCC_A1,1
650.0,0.34,FCC_A1,1
650.0,0.35,FCC_A1,1
650.0,0.36,FCC_A1,1
650.0,0.37,FCC_A1,1
650.0,0.38,FCC_A1,1
650.0,0.39,FCC_A1,1
650.0,0.4,FCC_A1,1
650.0,0.41,FCC_A1,1
650.0,0.42,FCC_A1,1
650.0,0.43,FCC_A1,1
650.0,0.44,FCC_A1,1
650.0,0.45,FCC_A1,1
650.0,0.46,FCC_A1,1
650.0,0.47,FCC_A1,1
650.0,0.48,FCC_A1,1
650.0,0.49,FCC_A1,1
650.0,0.5,FCC_A1,1
650.0,0.51,FCC_A1,1
650.0,0.52,FCC_A1,1
650.0,0.53,FCC_A1,1
650.0,0.54,FCC_A1,1
650.0,0.55,FCC_A1,1
650.0,0.56,FCC_A1,1
650.0,0.5700000000000001,FCC_A1,1
650.0,0.58,FCC_A1,1
650.0,0.59,FCC_A1,1
650.0,0.6,FCC_A1,1
650.0,0.61,FCC_A1,1
650.0,0.62,FCC_A1,1
650.0,0.63,FCC_A1,1
650.0,0.64,FCC_A1,1
650.0,0.65,FCC_A1,1
650.0,0.66,FCC_A1,1
650.0,0.67,FCC_A1,1
650.0,0.68,FCC_A1,1
650.0,0.6900000000000001,FCC_A1,1
650.0,0.7000000000000001,FCC_A1,1
650.0,0.71,FCC_A1,1
650.0,0.72,FCC_A1,1
650.0,0.73,FCC_A1,1
650.0,0.74,FCC_A1,1
650.0,0.75,FCC_A1,1
650.0,0.76,FCC_A1,1
650.0,0.77,FCC_A1,1
650.0,0.78,FCC_A1,1
650.0,0.79,FCC_A1,1
650.0,0.8,FCC_A1,1
650.0,0.81,FCC_A1,1
650.0,0.8200000000000001,FCC_A1,1
650.0,0.8300000000000001,FCC_A1,1
650.0,0.84,FCC_A1,1
650.0,0.85,FCC_A1,1
650.0,0.86,FCC_A1,1
650.0,0.87,FCC_A1,1
650.0,0.88,FCC_A1,1
650.0,0.89,FCC_A1,1
650.0,0.9,FCC_A1,1
650.0,0.91,FCC_A1,1
650.0,0.92,FCC_A1,1
650.0,0.93,FCC_A1,1
650.0,0.94,FCC_A1,1
650.0,0.95,FCC_A1,1
650.0,0.96,FCC_A1,1
650.0,0.97,FCC_A1,1
650.0,0.98,FCC_A1,1
650.0,0.99,FCC_A1,1
650.0,1.0,FCC_A1,1
675.0,0.0,FCC_A1,1
675.0,0.01,FCC_A1,1
675.0,0.02,FCC_A1,1
675.0,0.03,FCC_A1,1
675.0,0.04,FCC_A1,1
675.0,0.05,FCC_A1,1
675.0,0.06,FCC_A1,1
675.0,0.07,FCC_A1,1
675.0,0.08,FCC_A1,1
675.0,0.09,FCC_A1,1
675.0,0.1,FCC_A1,1
675.0,0.11,FCC_A1,1
675.0,0.12,FCC_A1,1
675.0,0.13,FCC_A1,1
675.0,0.14,FCC_A1,1
675.0,0.15,FCC_A1,1
675.0,0.16,FCC_A1,1
675.0,0.17,FCC_A1,1
675.0,0.18,FCC_A1,1
675.0,0.19,FCC_A1,1
675.0,0.2,FCC_A1,1
675.0,0.21,FCC_A1,1
675.0,0.22,FCC_A1,1
675.0,0.23,FCC_A1,1
675.0,0.24,FCC_A1,1
675.0,0.25,FCC_A1,1
675.0,0.26,FCC_A1,1
675.0,0.27,FCC_A1,1
675.0,0.28,FCC_A1,1
675.0,0.29,FCC_A1,1
675.0,0.3,FCC_A1,1
675.0,0.31,FCC_A1,1
675.0,0.32,FCC_A1,1
675.0,0.33,FCC_A1,1
675.0,0.34,FCC_A1,1
675.0,0.35,FCC_A1,1
675.0,0.36,FCC_A1,1
675.0,0.37,FCC_A1,1
675.0,0.38,FCC_A1,1
675.0,0.39,FCC_A1,1
675.0,0.4,FCC_A1,1
675.0,0.41,FCC_A1,1
675.0,0.42,FCC_A1,1
675.0,0.43,FCC_A1,1
675.0,0.44,FCC_A1,1
675.0,0.45,FCC_A1,1
675.0,0.46,FCC_A1,1
675.0,0.47,FCC_A1,1
675.0,0.48,FCC_A1,1
675.0,0.49,FCC_A1,1
675.0,0.5,FCC_A1,1
675.0,0.51,FCC_A1,1
675.0,0.52,FCC_A1,1
675.0,0.53,FCC_A1,1
675.0,0.54,FCC_A1,1
675.0,0.55,FCC_A1,1
675.0,0.56,FCC_A1,1
675.0,0.5700000000000001,FCC_A1,1
675.0,0.58,FCC_A1,1
675.0,0.59,FCC_A1,1
675.0,0.6,FCC_A1,1
675.0,0.61,FCC_A1,1
675.0,0.62,FCC_A1,1
675.0,0.63,FCC_A1,1
675.0,0.64,FCC_A1,1
675.0,0.65,FCC_A1,1
675.0,0.66,FCC_A1,1
675.0,0.67,FCC_A1,1
675.0,0.68,FCC_A1,1
675.0,0.6900000000000001,FCC_A1,1
675.0,0.7000000000000001,FCC_A1,1
675.0,0.71,FCC_A1,1
675.0,0.72,FCC_A1,1
675.0,0.73,FCC_A1,1
675.0,0.74,FCC_A1,1
675.0,0.75,FCC_A1,1
675.0,0.76,FCC_A1,1
675.0,0.77,FCC_A1,1
675.0,0.78,FCC_A1,1
675.0,0.79,FCC_A1,1
675.0,0.8,FCC_A1,1
675.0,0.81,FCC_A1,1
675.0,0.8200000000000001,FCC_A1,1
675.0,0.8300000000000001,FCC_A1,1
675.0,0.84,FCC_A1,1
675.0,0.85,FCC_A1,1
675.0,0.86,FCC_A1,1
675.0,0.87,FCC_A1,1
675.0,0.88,FCC_A1,1
675.0,0.89,FCC_A1,1
675.0,0.9,FCC_A1,1
675.0,0.91,FCC_A1,1
675.0,0.92,FCC_A1,1
675.0,0.93,FCC_A1,1
675.0,0.94,FCC_A1,1
675.0,0.95,FCC_A1,1
675.0,0.96,FCC_A1,1
675.0,0.97,FCC_A1,1
675.0,0.98,FCC_A1,1
675.0,0.99,FCC_A1,1
675.0,1.0,FCC_A1,1
700.0,0.0,FCC_A1,1
700.0,0.01,FCC_A1,1
700.0,0.02,FCC_A1,1
700.0,0.03,FCC_A1,1
700.0,0.04,FCC_A1,1
700.0,0.05,FCC_A1,1
700.0,0.06,FCC_A1,1
700.0,0.07,FCC_A1,1
700.0,0.08,FCC_A1,1
700.0,0.09,FCC_A1,1
700.0,0.1,FCC_A1,1
700.0,0.11,FCC_A1,1
700.0,0.12,FCC_A1,1
700.0,0.13,FCC_A1,1
700.0,0.14,FCC_A1,1
700.0,0.15,FCC_A1,1
700.0,0.16,FCC_A1,1
700.0,0.17,FCC_A1,1
700.0,0.18,FCC_A1,1
700.0,0.19,FCC_A1,1
700.0,0.2,FCC_A1,1
700.0,0.21,FCC_A1,1
700.0,0.22,FCC_A1,1
700.0,0.23,FCC_A1,1
700.0,0.24,FCC_A1,1
700.0,0.25,FCC_A1,1
700.0,0.26,FCC_A1,1
700.0,0.27,FCC_A1,1
700.0,0.28,FCC_A1,1
700.0,0.29,FCC_A1,1
700.0,0.3,FCC_A1,1
700.0,0.31,FCC_A1,1
700.0,0.32,FCC_A1,1
700.0,0.33,FCC_A1,1
700.0,0.34,FCC_A1,1
700.0,0.35,FCC_A1,1
700.0,0.36,FCC_A1,1
700.0,0.37,FCC_A1,1
700.0,0.38,FCC_A1,1
700.0,0.39,FCC_A1,1
700.0,0.4,FCC_A1,1
700.0,0.41,FCC_A1,1
700.0,0.42,FCC_A1,1
700.0,0.43,FCC_A1,1
700.0,0.44,FCC_A1,1
700.0,0.45,FCC_A1,1
700.0,0.46,FCC_A1,1
700.0,0.47,FCC_A1,1
700.0,0.48,FCC_A1,1
700.0,0.49,FCC_A1,1
700.0,0.5,FCC_A1,1
700.0,0.51,FCC_A1,1
700.0,0.52,FCC_A1,1
700.0,0.53,FCC_A1,1
700.0,0.54,FCC_A1,1
700.0,0.55,FCC_A1,1
700.0,0.56,FCC_A1,1
700.0,0.5700000000000001,FCC_A1,1
700.0,0.58,FCC_A1,1
700.0,0.59,FCC_A1,1
700.0,0.6,FCC_A1,1
700.0,0.61,FCC_A1,1
700.0,0.62,FCC_A1,1
700.0,0.63,FCC_A1,1
700.0,0.64,FCC_A1,1
700.0,0.65,FCC_A1,1
700.0,0.66,FCC_A1,1
700.0,0.67,FCC_A1,1
700.0,0.68,FCC_A1,1
700.0,0.6900000000000001,FCC_A1,1
700.0,0.7000000000000001,FCC_A1,1
700.0,0.71,FCC_A1,1
700.0,0.72,FCC_A1,1
700.0,0.73,FCC_A1,1
700.0,0.74,FCC_A1,1
700.0,0.75,FCC_A1,1
700.0,0.76,FCC_A1,1
700.0,0.77,FCC_A1,1
700.0,0.78,FCC_A1,1
700.0,0.79,FCC_A1,1
700.0,0.8,FCC_A1,1
700.0,0.81,FCC_A1,1
700.0,0.8200000000000001,FCC_A1,1
700.0,0.8300000000000001,FCC_A1,1
700.0,0.84,FCC_A1,1
700.0,0.85,FCC_A1,1
700.0,0.86,FCC_A1,1
700.0,0.87,FCC_A1,1
700.0,0.88,FCC_A1,1
700.0,0.89,FCC_A1,1
700.0,0.9,FCC_A1,1
700.0,0.91,FCC_A1,1
700.0,0.92,FCC_A1,1
700.0,0.93,FCC_A1,1
700.0,0.94,FCC_A1,1
700.0,0.95,FCC_A1,1
700.0,0.96,FCC_A1,1
700.0,0.97,FCC_A1,1
700.0,0.98,FCC_A1,1
700.0,0.99,FCC_A1,1
700.0,1.0,FCC_A1,1
725.0,0.0,FCC_A1,1
725.0,0.01,FCC_A1,1
725.0,0.02,FCC_A1,1
725.0,0.03,FCC_A1,1
725.0,0.04,FCC_A1,1
725.0,0.05,FCC_A1,1
725.0,0.06,FCC_A1,1
725.0,0.07,FCC_A1,1
725.0,0.08,FCC_A1,1
725.0,0.09,FCC_A1,1
725.0,0.1,FCC_A1,1
725.0,0.11,FCC_A1,1
725.0,0.12,FCC_A1,1
725.0,0.13,FCC_A1,1
725.0,0.14,FCC_A1,1
725.0,0.15,FCC_A1,1
725.0,0.16,FCC_A1,1
725.0,0.17,FCC_A1,1
725.0,0.18,FCC_A1,1
725.0,0.19,FCC_A1,1
725.0,0.2,FCC_A1,1
725.0,0.21,FCC_A1,1
725.0,0.22,FCC_A1,1
725.0,0.23,FCC_A1,1
725.0,0.24,FCC_A1,1
725.0,0.25,FCC_A1,1
725.0,0.26,FCC_A1,1
725.0,0.27,FCC_A1,1
725.0,0.28,FCC_A1,1
725.0,0.29,FCC_A1,1
725.0,0.3,FCC_A1,1
725.0,0.31,FCC_A1,1
725.0,0.32,FCC_A1,1
725.0,0.33,FCC_A1,1
725.0,0.34,FCC_A1,1
725.0,0.35,FCC_A1,1
725.0,0.36,FCC_A1,1
725.0,0.37,FCC_A1,1
725.0,0.38,FCC_A1,1
725.0,0.39,FCC_A1,1
725.0,0.4,FCC_A1,1
725.0,0.41,FCC_A1,1
725.0,0.42,FCC_A1,1
725.0,0.43,FCC_A1,1
725.0,0.44,FCC_A1,1
725.0,0.45,FCC_A1,1
725.0,0.46,FCC_A1,1
725.0,0.47,FCC_A1,1
725.0,0.48,FCC_A1,1
725.0,0.49,FCC_A1,1
725.0,0.5,FCC_A1,1
725.0,0.51,FCC_A1,1
725.0,0.52,FCC_A1,1
725.0,0.53,FCC_A1,1
725.0,0.54,FCC_A1,1
725.0,0.55,FCC_A1,1
725.0,0.56,FCC_A1,1
725.0,0.5700000000000001,FCC_A1,1
725.0,0.58,FCC_A1,1
725.0,0.59,FCC_A1,1
725.0,0.6,FCC_A1,1
725.0,0.61,FCC_A1,1
725.0,0.62,FCC_A1,1
725.0,0.63,FCC_A1,1
725.0,0.64,FCC_A1,1
725.0,0.65,FCC_A1,1
725.0,0.66,FCC_A1,1
725.0,0.67,FCC_A1,1
725.0,0.68,FCC_A1,1
725.0,0.6900000000000001,FCC_A1,1
725.0,0.7000000000000001,FCC_A1,1
725.0,0.71,FCC_A1,1
725.0,0.72,FCC_A1,1
725.0,0.73,FCC_A1,1
725.0,0.74,FCC_A1,1
725.0,0.75,FCC_A1,1
725.0,0.76,FCC_A1,1
725.0,0.77,FCC_A1,1
725.0,0.78,FCC_A1,1
725.0,0.79,FCC_A1,1
725.0,0.8,FCC_A1,1
725.0,0.81,FCC_A1,1
725.0,0.8200000000000001,FCC_A1,1
725.0,0.8300000000000001,FCC_A1,1
725.0,0.84,FCC_A1,1
725.0,0.85,FCC_A1,1
725.0,0.86,FCC_A1,1
725.0,0.87,FCC_A1,1
725.0,0.88,FCC_A1,1
725.0,0.89,FCC_A1,1
725.0,0.9,FCC_A1,1
725.0,0.91,FCC_A1,1
725.0,0.92,FCC_A1,1
725.0,0.93,FCC_A1,1
725.0,0.94,FCC_A1,1
725.0,0.95,FCC_A1,1
725.0,0.96,FCC_A1,1
725.0,0.97,FCC_A1,1
725.0,0.98,FCC_A1,1
725.0,0.99,FCC_A1,1
725.0,1.0,FCC_A1,1
750.0,0.0,FCC_A1,1
750.0,0.01,FCC_A1,1
750.0,0.02,FCC_A1,1
750.0,0.03,FCC_A1,1
750.0,0.04,FCC_A1,1
750.0,0.05,FCC_A1,1
750.0,0.06,FCC_A1,1
750.0,0.07,FCC_A1,1
750.0,0.08,FCC_A1,1
750.0,0.09,FCC_A1,1
750.0,0.1,FCC_A1,1
750.0,0.11,FCC_A1,1
750.0,0.12,FCC_A1,1
750.0,0.13,FCC_A1,1
750.0,0.14,FCC_A1,1
750.0,0.15,FCC_A1,1
750.0,0.16,FCC_A1,1
750.0,0.17,FCC_A1,1
750.0,0.18,FCC_A1,1
750.0,0.19,FCC_A1,1
750.0,0.2,FCC_A1,1
750.0,0.21,FCC_A1,1
750.0,0.22,FCC_A1,1
750.0,0.23,FCC_A1,1
750.0,0.24,FCC_A1,1
750.0,0.25,FCC_A1,1
750.0,0.26,FCC_A1,1
750.0,0.27,FCC_A1,1
750.0,0.28,FCC_A1,1
750.0,0.29,FCC_A1,1
750.0,0.3,FCC_A1,1
750.0,0.31,FCC_A1,1
750.0,0.32,FCC_A1,1
750.0,0.33,FCC_A1,1
750.0,0.34,FCC_A1,1
750.0,0.35,FCC_A1,1
750.0,0.36,FCC_A1,1
750.0,0.37,FCC_A1,1
750.0,0.38,FCC_A1,1
750.0,0.39,FCC_A1,1
750.0,0.4,FCC_A1,1
750.0,0.41,FCC_A1,1
750.0,0.42,FCC_A1,1
750.0,0.43,FCC_A1,1
750.0,0.44,FCC_A1,1
750.0,0.45,FCC_A1,1
750.0,0.46,FCC_A1,1
750.0,0.47,FCC_A1,1
750.0,0.48,FCC_A1,1
750.0,0.49,FCC_A1,1
750.0,0.5,FCC_A1,1
750.0,0.51,FCC_A1,1
750.0,0.52,FCC_A1,1
750.0,0.53,FCC_A1,1
750.0,0.54,FCC_A1,1
750.0,0.55,FCC_A1,1
750.0,0.56,FCC_A1,1
750.0,0.5700000000000001,FCC_A1,1
750.0,0.58,FCC_A1,1
750.0,0.59,FCC_A1,1
750.0,0.6,FCC_A1,1
750.0,0.61,FCC_A1,1
750.0,0.62,FCC_A1,1
750.0,0.63,FCC_A1,1
750.0,0.64,FCC_A1,1
750.0,0.65,FCC_A1,1
750.0,0.66,FCC_A1,1
750.0,0.67,FCC_A1,1
750.0,0.68,FCC_A1,1
750.0,0.6900000000000001,FCC_A1,1
750.0,0.7000000000000001,FCC_A1,1
750.0,0.71,FCC_A1,1
750.0,0.72,FCC_A1,1
750.0,0.73,FCC_A1,1
750.0,0.74,FCC_A1,1
750.0,0.75,FCC_A1,1
750.0,0.76,FCC_A1,1
750.0,0.77,FCC_A1,1
750.0,0.78,FCC_A1,1
750.0,0.79,FCC_A1,1
750.0,0.8,FCC_A1,1
750.0,0.81,FCC_A1,1
750.0,0.8200000000000001,FCC_A1,1
750.0,0.8300000000000001,FCC_A1,1
750.0,0.84,FCC_A1,1
750.0,0.85,FCC_A1,1
750.0,0.86,FCC_A1,1
750.0,0.87,FCC_A1,1
750.0,0.88,FCC_A1,1
750.0,0.89,FCC_A1,1
750.0,0.9,FCC_A1,1
750.0,0.91,FCC_A1,1
750.0,0.92,FCC_A1,1
750.0,0.93,FCC_A1,1
750.0,0.94,FCC_A1,1
750.0,0.95,FCC_A1,1
750.0,0.96,FCC_A1,1
750.0,0.97,FCC_A1,1
750.0,0.98,FCC_A1,1
750.0,0.99,FCC_A1,1
750.0,1.0,FCC_A1,1
775.0,0.0,FCC_A1,1
775.0,0.01,FCC_A1,1
775.0,0.02,FCC_A1,1
775.0,0.03,FCC_A1,1
775.0,0.04,FCC_A1,1
775.0,0.05,FCC_A1,1
775.0,0.06,FCC_A1,1
775.0,0.07,FCC_A1,1
775.0,0.08,FCC_A1,1
775.0,0.09,FCC_A1,1
775.0,0.1,FCC_A1,1
775.0,0.11,FCC_A1,1
775.0,0.12,FCC_A1,1
775.0,0.13,FCC_A1,1
775.0,0.14,FCC_A1,1
775.0,0.15,FCC_A1,1
775.0,0.16,FCC_A1,1
775.0,0.17,FCC_A1,1
775.0,0.18,FCC_A1,1
775.0,0.19,FCC_A1,1
775.0,0.2,FCC_A1,1
775.0,0.21,FCC_A1,1
775.0,0.22,FCC_A1,1
775.0,0.23,FCC_A1,1
775.0,0.24,FCC_A1,1
775.0,0.25,FCC_A1,1
775.0,0.26,FCC_A1,1
775.0,0.27,FCC_A1,1
775.0,0.28,FCC_A1,1
775.0,0.29,FCC_A1,1
775.0,0.3,FCC_A1,1
775.0,0.31,FCC_A1,1
775.0,0.32,FCC_A1,1
775.0,0.33,FCC_A1,1
775.0,0.34,FCC_A1,1
775.0,0.35,FCC_A1,1
775.0,0.36,FCC_A1,1
775.0,0.37,FCC_A1,1
775.0,0.38,FCC_A1,1
775.0,0.39,FCC_A1,1
775.0,0.4,FCC_A1,1
775.0,0.41,FCC_A1,1
775.0,0.42,FCC_A1,1
775.0,0.43,FCC_A1,1
775.0,0.44,FCC_A1,1
775.0,0.45,FCC_A1,1
775.0,0.46,FCC_A1,1
775.0,0.47,FCC_A1,1
775.0,0.48,FCC_A1,1
775.0,0.49,FCC_A1,1
775.0,0.5,FCC_A1,1
775.0,0.51,FCC_A1,1
775.0,0.52,FCC_A1,1
775.0,0.53,FCC_A1,1
775.0,0.54,FCC_A1,1
775.0,0.55,FCC_A1,1
775.0,0.56,FCC_A1,1
775.0,0.5700000000000001,FCC_A1,1
775.0,0.58,FCC_A1,1
775.0,0.59,FCC_A1,1
775.0,0.6,FCC_A1,1
775.0,0.61,FCC_A1,1
775.0,0.62,FCC_A1,1
775.0,0.63,FCC_A1,1
775.0,0.64,FCC_A1,1
775.0,0.65,FCC_A1,1
775.0,0.66,FCC_A1,1
775.0,0.67,FCC_A1,1
775.0,0.68,FCC_A1,1
775.0,0.6900000000000001,FCC_A1,1
775.0,0.7000000000000001,FCC_A1,1
775.0,0.71,FCC_A1,1
775.0,0.72,FCC_A1,1
775.0,0.73,FCC_A1,1
775.0,0.74,FCC_A1,1
775.0,0.75,FCC_A1,1
775.0,0.76,FCC_A1,1
775.0,0.77,FCC_A1,1
775.0,0.78,FCC_A1,1
775.0,0.79,FCC_A1,1
775.0,0.8,FCC_A1,1
775.0,0.81,FCC_A1,1
775.0,0.8200000000000001,FCC_A1,1
775.0,0.8300000000000001,FCC_A1,1
775.0,0.84,FCC_A1,1
775.0,0.85,FCC_A1,1
775.0,0.86,FCC_A1,1
775.0,0.87,FCC_A1,1
775.0,0.88,FCC_A1,1
775.0,0.89,FCC_A1,1
775.0,0.9,FCC_A1,1
775.0,0.91,FCC_A1,1
775.0,0.92,FCC_A1,1
775.0,0.93,FCC_A1,1
775.0,0.94,FCC_A1,1
775.0,0.95,FCC_A1,1
775.0,0.96,FCC_A1,1
775.0,0.97,FCC_A1,1
775.0,0.98,FCC_A1,1
775.0,0.99,FCC_A1,1
775.0,1.0,FCC_A1,1
800.0,0.0,FCC_A1,1
800.0,0.01,FCC_A1,1
800.0,0.02,FCC_A1,1
800.0,0.03,FCC_A1,1
800.0,0.04,FCC_A1,1
800.0,0.05,FCC_A1,1
800.0,0.06,FCC_A1,1
800.0,0.07,FCC_A1,1
800.0,0.08,FCC_A1,1
800.0,0.09,FCC_A1,1
800.0,0.1,FCC_A1,1
800.0,0.11,FCC_A1,1
800.0,0.12,FCC_A1,1
800.0,0.13,FCC_A1,1
800.0,0.14,FCC_A1,1
800.0,0.15,FCC_A1,1
800.0,0.16,FCC_A1,1
800.0,0.17,FCC_A1,1
800.0,0.18,FCC_A1,1
800.0,0.19,FCC_A1,1
800.0,0.2,FCC_A1,1
800.0,0.21,FCC_A1,1
800.0,0.22,FCC_A1,1
800.0,0.23,FCC_A1,1
800.0,0.24,FCC_A1,1
800.0,0.25,FCC_A1,1
800.0,0.26,FCC_A1,1
800.0,0.27,FCC_A1,1
800.0,0.28,FCC_A1,1
800.0,0.29,FCC_A1,1
800.0,0.3,FCC_A1,1
800.0,0.31,FCC_A1,1
800.0,0.32,FCC_A1,1
800.0,0.33,FCC_A1,1
800.0,0.34,FCC_A1,1
800.0,0.35,FCC_A1,1
800.0,0.36,FCC_A1,1
800.0,0.37,FCC_A1,1
800.0,0.38,FCC_A1,1
800.0,0.39,FCC_A1,1
800.0,0.4,FCC_A1,1
800.0,0.41,FCC_A1,1
800.0,0.42,FCC_A1,1
800.0,0.43,FCC_A1,1
800.0,0.44,FCC_A1,1
800.0,0.45,FCC_A1,1
800.0,0.46,FCC_A1,1
800.0,0.47,FCC_A1,1
800.0,0.48,FCC_A1,1
800.0,0.49,FCC_A1,1
800.0,0.5,FCC_A1,1
800.0,0.51,FCC_A1,1
800.0,0.52,FCC_A1,1
800.0,0.53,FCC_A1,1
800.0,0.54,FCC_A1,1
800.0,0.55,FCC_A1,1
800.0,0.56,FCC_A1,1
800.0,0.5700000000000001,FCC_A1,1
800.0,0.58,FCC_A1,1
800.0,0.59,FCC_A1,1
800.0,0.6,FCC_A1,1
800.0,0.61,FCC_A1,1
800.0,0.62,FCC_A1,1
800.0,0.63,FCC_A1,1
800.0,0.64,FCC_A1,1
800.0,0.65,FCC_A1,1
800.0,0.66,FCC_A1,1
800.0,0.67,FCC_A1,1
800.0,0.68,FCC_A1,1
800.0,0.6900000000000001,FCC_A1,1
800.0,0.7000000000000001,FCC_A1,1
800.0,0.71,FCC_A1,1
800.0,0.72,FCC_A1,1
800.0,0.73,FCC_A1,1
800.0,0.74,FCC_A1,1
800.0,0.75,FCC_A1,1
800.0,0.76,FCC_A1,1
800.0,0.77,FCC_A1,1
800.0,0.78,FCC_A1,1
800.0,0.79,FCC_A1,1
800.0,0.8,FCC_A1,1
800.0,0.81,FCC_A1,1
800.0,0.8200000000000001,FCC_A1,1
800.0,0.8300000000000001,FCC_A1,1
800.0,0.84,FCC_A1,1
800.0,0.85,FCC_A1,1
800.0,0.86,FCC_A1,1
800.0,0.87,FCC_A1,1
800.0,0.88,FCC_A1,1
800.0,0.89,FCC_A1,1
800.0,0.9,FCC_A1,1
800.0,0.91,FCC_A1,1
800.0,0.92,FCC_A1,1
800.0,0.93,FCC_A1,1
800.0,0.94,FCC_A1,1
800.0,0.95,FCC_A1,1
800.0,0.96,FCC_A1,1
800.0,0.97,FCC_A1,1
800.0,0.98,FCC_A1,1
800.0,0.99,FCC_A1,1
800.0,1.0,FCC_A1,1
825.0,0.0,FCC_A1,1
825.0,0.01,FCC_A1,1
825.0,0.02,FCC_A1,1
825.0,0.03,FCC_A1,1
825.0,0.04,FCC_A1,1
825.0,0.05,FCC_A1,1
825.0,0.06,FCC_A1,1
825.0,0.07,FCC_A1,1
825.0,0.08,FCC_A1,1
825.0,0.09,FCC_A1,1
825.0,0.1,FCC_A1,1
825.0,0.11,FCC_A1,1
825.0,0.12,FCC_A1,1
825.0,0.13,FCC_A1,1
825.0,0.14,FCC_A1,1
825.0,0.15,FCC_A1,1
825.0,0.16,FCC_A1,1
825.0,0.17,FCC_A1,1
825.0,0.18,FCC_A1,1
825.0,0.19,FCC_A1,1
825.0,0.2,FCC_A1,1
825.0,0.21,FCC_A1,1
825.0,0.22,FCC_A1,1
825.0,0.23,FCC_A1,1
825.0,0.24,FCC_A1,1
825.0,0.25,FCC_A1,1
825.0,0.26,FCC_A1,1
825.0,0.27,FCC_A1,1
825.0,0.28,FCC_A1,1
825.0,0.29,FCC_A1,1
825.0,0.3,FCC_A1,1
825.0,0.31,FCC_A1,1
825.0,0.32,FCC_A1,1
825.0,0.33,FCC_A1,1
825.0,0.34,FCC_A1,1
825.0,0.35,FCC_A1,1
825.0,0.36,FCC_A1,1
825.0,0.37,FCC_A1,1
825.0,0.38,FCC_A1,1
825.0,0.39,FCC_A1,1
825.0,0.4,FCC_A1,1
825.0,0.41,FCC_A1,1
825.0,0.42,FCC_A1,1
825.0,0.43,FCC_A1,1
825.0,0.44,FCC_A1,1
825.0,0.45,FCC_A1,1
825.0,0.46,FCC_A1,1
825.0,0.47,FCC_A1,1
825.0,0.48,FCC_A1,1
825.0,0.49,FCC_A1,1
825.0,0.5,FCC_A1,1
825.0,0.51,FCC_A1,1
825.0,0.52,FCC_A1,1
825.0,0.53,FCC_A1,1
825.0,0.54,FCC_A1,1
825.0,0.55,FCC_A1,1
825.0,0.56,FCC_A1,1
825.0,0.5700000000000001,FCC_A1,1
825.0,0.58,FCC_A1,1
825.0,0.59,FCC_A1,1
825.0,0.6,FCC_A1,1
825.0,0.61,FCC_A1,1
825.0,0.62,FCC_A1,1
825.0,0.63,FCC_A1,1
825.0,0.64,FCC_A1,1
825.0,0.65,FCC_A1,1
825.0,0.66,FCC_A1,1
825.0,0.67,FCC_A1,1
825.0,0.68,FCC_A1,1
825.0,0.6900000000000001,FCC_A1,1
825.0,0.7000000000000001,FCC_A1,1
825.0,0.71,FCC_A1,1
825.0,0.72,FCC_A1,1
825.0,0.73,FCC_A1,1
825.0,0.74,FCC_A1,1
825.0,0.75,FCC_A1,1
825.0,0.76,FCC_A1,1
825.0,0.77,FCC_A1,1
825.0,0.78,FCC_A1,1
825.0,0.79,FCC_A1,1
825.0,0.8,FCC_A1,1
825.0,0.81,FCC_A1,1
825.0,0.8200000000000001,FCC_A1,1
825.0,0.8300000000000001,FCC_A1,1
825.0,0.84,FCC_A1,1
825.0,0.85,FCC_A1,1
825.0,0.86,FCC_A1,1
825.0,0.87,FCC_A1,1
825.0,0.88,FCC_A1,1
825.0,0.89,FCC_A1,1
825.0,0.9,FCC_A1,1
825.0,0.91,FCC_A1,1
825.0,0.92,FCC_A1,1
825.0,0.93,FCC_A1,1
825.0,0.94,FCC_A1,1
825.0,0.95,FCC_A1,1
825.0,0.96,FCC_A1,1
825.0,0.97,FCC_A1,1
825.0,0.98,FCC_A1,1
825.0,0.99,FCC_A1,1
825.0,1.0,FCC_A1,1
850.0,0.0,FCC_A1,1
850.0,0.01,FCC_A1,1
850.0,0.02,FCC_A1,1
850.0,0.03,FCC_A1,1
850.0,0.04,FCC_A1,1
850.0,0.05,FCC_A1,1
850.0,0.06,FCC_A1,1
850.0,0.07,FCC_A1,1
850.0,0.08,FCC_A1,1
850.0,0.09,FCC_A1,1
850.0,0.1,FCC_A1,1
850.0,0.11,FCC_A1,1
850.0,0.12,FCC_A1,1
850.0,0.13,FCC_A1,1
850.0,0.14,FCC_A1,1
850.0,0.15,FCC_A1,1
850.0,0.16,FCC_A1,1
850.0,0.17,FCC_A1,1
850.0,0.18,FCC_A1,1
850.0,0.19,FCC_A1,1
850.0,0.2,FCC_A1,1
850.0,0.21,FCC_A1,1
850.0,0.22,FCC_A1,1
850.0,0.23,FCC_A1,1
850.0,0.24,FCC_A1,1
850.0,0.25,FCC_A1,1
850.0,0.26,FCC_A1,1
850.0,0.27,FCC_A1,1
850.0,0.28,FCC_A1,1
850.0,0.29,FCC_A1,1
850.0,0.3,FCC_A1,1
850.0,0.31,FCC_A1,1
850.0,0.32,FCC_A1,1
850.0,0.33,FCC_A1,1
850.0,0.34,FCC_A1,1
850.0,0.35,FCC_A1,1
850.0,0.36,FCC_A1,1
850.0,0.37,FCC_A1,1
850.0,0.38,FCC_A1,1
850.0,0.39,FCC_A1,1
850.0,0.4,FCC_A1,1
850.0,0.41,FCC_A1,1
850.0,0.42,FCC_A1,1
850.0,0.43,FCC_A1,1
850.0,0.44,FCC_A1,1
850.0,0.45,FCC_A1,1
850.0,0.46,FCC_A1,1
850.0,0.47,FCC_A1,1
850.0,0.48,FCC_A1,1
850.0,0.49,FCC_A1,1
850.0,0.5,FCC_A1,1
850.0,0.51,FCC_A1,1
850.0,0.52,FCC_A1,1
850.0,0.53,FCC_A1,1
850.0,0.54,FCC_A1,1
850.0,0.55,FCC_A1,1
850.0,0.56,FCC_A1,1
850.0,0.5700000000000001,FCC_A1,1
850.0,0.58,FCC_A1,1
850.0,0.59,FCC_A1,1
850.0,0.6,FCC_A1,1
850.0,0.61,FCC_A1,1
850.0,0.62,FCC_A1,1
850.0,0.63,FCC_A1,1
850.0,0.64,FCC_A1,1
850.0,0.65,FCC_A1,1
850.0,0.66,FCC_A1,1
850.0,0.67,FCC_A1,1
850.0,0.68,FCC_A1,1
850.0,0.6900000000000001,FCC_A1,1
850.0,0.7000000000000001,FCC_A1,1
850.0,0.71,FCC_A1,1
850.0,0.72,FCC_A1,1
850.0,0.73,FCC_A1,1
850.0,0.74,FCC_A1,1
850.0,0.75,FCC_A1,1
850.0,0.76,FCC_A1,1
850.0,0.77,FCC_A1,1
850.0,0.78,FCC_A1,1
850.0,0.79,FCC_A1,1
850.0,0.8,FCC_A1,1
850.0,0.81,FCC_A1,1
850.0,0.8200000000000001,FCC_A1,1
850.0,0.8300000000000001,FCC_A1,1
850.0,0.84,FCC_A1,1
850.0,0.85,FCC_A1,1
850.0,0.86,FCC_A1,1
850.0,0.87,FCC_A1,1
850.0,0.88,FCC_A1,1
850.0,0.89,FCC_A1,1
850.0,0.9,FCC_A1,1
850.0,0.91,FCC_A1,1
850.0,0.92,FCC_A1,1
850.0,0.93,FCC_A1,1
850.0,0.94,FCC_A1,1
850.0,0.95,FCC_A1,1
850.0,0.96,FCC_A1,1
850.0,0.97,FCC_A1,1
850.0,0.98,FCC_A1,1
850.0,0.99,FCC_A1,1
850.0,1.0,FCC_A1,1
875.0,0.0,FCC_A1,1
875.0,0.01,FCC_A1,1
875.0,0.02,FCC_A1,1
875.0,0.03,FCC_A1,1
875.0,0.04,FCC_A1,1
875.0,0.05,FCC_A1,1
875.0,0.06,FCC_A1,1
875.0,0.07,FCC_A1,1
875.0,0.08,FCC_A1,1
875.0,0.09,FCC_A1,1
875.0,0.1,FCC_A1,1
875.0,0.11,FCC_A1,1
875.0,0.12,FCC_A1,1
875.0,0.13,FCC_A1,1
875.0,0.14,FCC_A1,1
875.0,0.15,FCC_A1,1
875.0,0.16,FCC_A1,1
875.0,0.17,FCC_A1,1
875.0,0.18,FCC_A1,1
875.0,0.19,FCC_A1,1
875.0,0.2,FCC_A1,1
875.0,0.21,FCC_A1,1
875.0,0.22,FCC_A1,1
875.0,0.23,FCC_A1,1
875.0,0.24,FCC_A1,1
875.0,0.25,FCC_A1,1
875.0,0.26,FCC_A1,1
875.0,0.27,FCC_A1,1
875.0,0.28,FCC_A1,1
875.0,0.29,FCC_A1,1
875.0,0.3,FCC_A1,1
875.0,0.31,FCC_A1,1
875.0,0.32,FCC_A1,1
875.0,0.33,FCC_A1,1
875.0,0.34,FCC_A1,1
875.0,0.35,FCC_A1,1
875.0,0.36,FCC_A1,1
875.0,0.37,FCC_A1,1
875.0,0.38,FCC_A1,1
875.0,0.39,FCC_A1,1
875.0,0.4,FCC_A1,1
875.0,0.41,FCC_A1,1
875.0,0.42,FCC_A1,1
875.0,0.43,FCC_A1,1
875.0,0.44,FCC_A1,1
875.0,0.45,FCC_A1,1
875.0,0.46,FCC_A1,1
875.0,0.47,FCC_A1,1
875.0,0.48,FCC_A1,1
875.0,0.49,FCC_A1,1
875.0,0.5,FCC_A1,1
875.0,0.51,FCC_A1,1
875.0,0.52,FCC_A1,1
875.0,0.53,FCC_A1,1
875.0,0.54,FCC_A1,1
875.0,0.55,FCC_A1,1
875.0,0.56,FCC_A1,1
875.0,0.5700000000000001,FCC_A1,1
875.0,0.58,FCC_A1,1
875.0,0.59,FCC_A1,1
875.0,0.6,FCC_A1,1
875.0,0.61,FCC_A1,1
875.0,0.62,FCC_A1,1
875.0,0.63,FCC_A1,1
875.0,0.64,FCC_A1,1
875.0,0.65,FCC_A1,1
875.0,0.66,FCC_A1,1
875.0,0.67,FCC_A1,1
875.0,0.68,FCC_A1,1
875.0,0.6900000000000001,FCC_A1,1
875.0,0.7000000000000001,FCC_A1,1
875.0,0.71,FCC_A1,1
875.0,0.72,FCC_A1,1
875.0,0.73,FCC_A1,1
875.0,0.74,FCC_A1,1
875.0,0.75,FCC_A1,1
875.0,0.76,FCC_A1,1
875.0,0.77,FCC_A1,1
875.0,0.78,FCC_A1,1
875.0,0.79,FCC_A1,1
875.0,0.8,FCC_A1,1
875.0,0.81,FCC_A1,1
875.0,0.8200000000000001,FCC_A1,1
875.0,0.8300000000000001,FCC_A1,1
875.0,0.84,FCC_A1,1
875.0,0.85,FCC_A1,1
875.0,0.86,FCC_A1,1
875.0,0.87,FCC_A1,1
875.0,0.88,FCC_A1,1
875.0,0.89,FCC_A1,1
875.0,0.9,FCC_A1,1
875.0,0.91,FCC_A1,1
875.0,0.92,FCC_A1,1
875.0,0.93,FCC_A1,1
875.0,0.94,FCC_A1,1
875.0,0.95,FCC_A1,1
875.0,0.96,FCC_A1,1
875.0,0.97,FCC_A1,1
875.0,0.98,FCC_A1,1
875.0,0.99,FCC_A1,1
875.0,1.0,FCC_A1,1
900.0,0.0,FCC_A1,1
900.0,0.01,FCC_A1,1
900.0,0.02,FCC_A1,1
900.0,0.03,FCC_A1,1
900.0,0.04,FCC_A1,1
900.0,0.05,FCC_A1,1
900.0,0.06,FCC_A1,1
900.0,0.07,FCC_A1,1
900.0,0.08,FCC_A1,1
900.0,0.09,FCC_A1,1
900.0,0.1,FCC_A1,1
900.0,0.11,FCC_A1,1
900.0,0.12,FCC_A1,1
900.0,0.13,FCC_A1,1
900.0,0.14,FCC_A1,1
900.0,0.15,FCC_A1,1
900.0,0.16,FCC_A1,1
900.0,0.17,FCC_A1,1
900.0,0.18,FCC_A1,1
900.0,0.19,FCC_A1,1
900.0,0.2,FCC_A1,1
900.0,0.21,FCC_A1,1
900.0,0.22,FCC_A1,1
900.0,0.23,FCC_A1,1
900.0,0.24,FCC_A1,1
900.0,0.25,FCC_A1,1
900.0,0.26,FCC_A1,1
900.0,0.27,FCC_A1,1
900.0,0.28,FCC_A1,1
900.0,0.29,FCC_A1,1
900.0,0.3,FCC_A1,1
900.0,0.31,FCC_A1,1
900.0,0.32,FCC_A1,1
900.0,0.33,FCC_A1,1
900.0,0.34,FCC_A1,1
900.0,0.35,FCC_A1,1
900.0,0.36,FCC_A1,1
900.0,0.37,FCC_A1,1
900.0,0.38,FCC_A1,1
900.0,0.39,FCC_A1,1
900.0,0.4,FCC_A1,1
900.0,0.41,FCC_A1,1
900.0,0.42,FCC_A1,1
900.0,0.43,FCC_A1,1
900.0,0.44,FCC_A1,1
900.0,0.45,FCC_A1,1
900.0,0.46,FCC_A1,1
900.0,0.47,FCC_A1,1
900.0,0.48,FCC_A1,1
900.0,0.49,FCC_A1,1
900.0,0.5,FCC_A1,1
900.0,0.51,FCC_A1,1
900.0,0.52,FCC_A1,1
900.0,0.53,FCC_A1,1
900.0,0.54,FCC_A1,1
900.0,0.55,FCC_A1,1
900.0,0.56,FCC_A1,1
900.0,0.5700000000000001,FCC_A1,1
900.0,0.58,FCC_A1,1
900.0,0.59,FCC_A1,1
900.0,0.6,FCC_A1,1
900.0,0.61,FCC_A1,1
900.0,0.62,FCC_A1,1
900.0,0.63,FCC_A1,1
900.0,0.64,FCC_A1,1
900.0,0.65,FCC_A1,1
900.0,0.66,FCC_A1,1
900.0,0.67,FCC_A1,1
900.0,0.68,FCC_A1,1
900.0,0.6900000000000001,FCC_A1,1
900.0,0.7000000000000001,FCC_A1,1
900.0,0.71,FCC_A1,1
900.0,0.72,FCC_A1,1
900.0,0.73,FCC_A1,1
900.0,0.74,FCC_A1,1
900.0,0.75,FCC_A1,1
900.0,0.76,FCC_A1,1
900.0,0.77,FCC_A1,1
900.0,0.78,FCC_A1,1
900.0,0.79,FCC_A1,1
900.0,0.8,FCC_A1,1
900.0,0.81,FCC_A1,1
900.0,0.8200000000000001,FCC_A1,1
900.0,0.8300000000000001,FCC_A1,1
900.0,0.84,FCC_A1,1
900.0,0.85,FCC_A1,1
900.0,0.86,FCC_A1,1
900.0,0.87,FCC_A1,1
900.0,0.88,FCC_A1,1
900.0,0.89,FCC_A1,1
900.0,0.9,FCC_A1,1
900.0,0.91,FCC_A1,1
900.0,0.92,FCC_A1,1
900.0,0.93,FCC_A1,1
900.0,0.94,FCC_A1,1
900.0,0.95,FCC_A1,1
900.0,0.96,FCC_A1,1
900.0,0.97,FCC_A1,1
900.0,0.98,FCC_A1,1
900.0,0.99,FCC_A1,1
900.0,1.0,FCC_A1,1
925.0,0.0,FCC_A1,1
925.0,0.01,FCC_A1,1
925.0,0.02,FCC_A1,1
925.0,0.03,FCC_A1,1
925.0,0.04,FCC_A1,1
925.0,0.05,FCC_A1,1
925.0,0.06,FCC_A1,1
925.0,0.07,FCC_A1,1
925.0,0.08,FCC_A1,1
925.0,0.09,FCC_A1,1
925.0,0.1,FCC_A1,1
925.0,0.11,FCC_A1,1
925.0,0.12,FCC_A1,1
925.0,0.13,FCC_A1,1
925.0,0.14,FCC_A1,1
925.0,0.15,FCC_A1,1
925.0,0.16,FCC_A1,1
925.0,0.17,FCC_A1,1
925.0,0.18,FCC_A1,1
925.0,0.19,FCC_A1,1
925.0,0.2,FCC_A1,1
925.0,0.21,FCC_A1,1
925.0,0.22,FCC_A1,1
925.0,0.23,FCC_A1,1
925.0,0.24,FCC_A1,1
925.0,0.25,FCC_A1,1
925.0,0.26,FCC_A1,1
925.0,0.27,FCC_A1,1
925.0,0.28,FCC_A1,1
925.0,0.29,FCC_A1,1
925.0,0.3,FCC_A1,1
925.0,0.31,FCC_A1,1
925.0,0.32,FCC_A1,1
925.0,0.33,FCC_A1,1
925.0,0.34,FCC_A1,1
925.0,0.35,FCC_A1,1
925.0,0.36,FCC_A1,1
925.0,0.37,FCC_A1,1
925.0,0.38,FCC_A1,1
925.0,0.39,FCC_A1,1
925.0,0.4,FCC_A1,1
925.0,0.41,FCC_A1,1
925.0,0.42,FCC_A1,1
925.0,0.43,FCC_A1,1
925.0,0.44,FCC_A1,1
925.0,0.45,FCC_A1,1
925.0,0.46,FCC_A1,1
925.0,0.47,FCC_A1,1
925.0,0.48,FCC_A1,1
925.0,0.49,FCC_A1,1
925.0,0.5,FCC_A1,1
925.0,0.51,FCC_A1,1
925.0,0.52,FCC_A1,1
925.0,0.53,FCC_A1,1
925.0,0.54,FCC_A1,1
925.0,0.55,FCC_A1,1
925.0,0.56,FCC_A1,1
925.0,0.5700000000000001,FCC_A1,1
925.0,0.58,FCC_A1,1
925.0,0.59,FCC_A1,1
925.0,0.6,FCC_A1,1
925.0,0.61,FCC_A1,1
925.0,0.62,FCC_A1,1
925.0,0.63,FCC_A1,1
925.0,0.64,FCC_A1,1
925.0,0.65,FCC_A1,1
925.0,0.66,FCC_A1,1
925.0,0.67,FCC_A1,1
925.0,0.68,FCC_A1,1
925.0,0.6900000000000001,FCC_A1,1
925.0,0.7000000000000001,FCC_A1,1
925.0,0.71,FCC_A1,1
925.0,0.72,FCC_A1,1
925.0,0.73,FCC_A1,1
925.0,0.74,FCC_A1,1
925.0,0.75,FCC_A1,1
925.0,0.76,FCC_A1,1
925.0,0.77,FCC_A1,1
925.0,0.78,FCC_A1,1
925.0,0.79,FCC_A1,1
925.0,0.8,FCC_A1,1
925.0,0.81,FCC_A1,1
925.0,0.8200000000000001,FCC_A1,1
925.0,0.8300000000000001,FCC_A1,1
925.0,0.84,FCC_A1,1
925.0,0.85,FCC_A1,1
925.0,0.86,FCC_A1,1
925.0,0.87,FCC_A1,1
925.0,0.88,FCC_A1,1
925.0,0.89,FCC_A1,1
925.0,0.9,FCC_A1,1
925.0,0.91,FCC_A1,1
925.0,0.92,FCC_A1,1
925.0,0.93,FCC_A1,1
925.0,0.94,FCC_A1,1
925.0,0.95,FCC_A1,1
925.0,0.96,FCC_A1,1
925.0,0.97,FCC_A1,1
925.0,0.98,FCC_A1,1
925.0,0.99,FCC_A1,1
925.0,1.0,FCC_A1,1
950.0,0.0,FCC_A1,1
950.0,0.01,FCC_A1,1
950.0,0.02,FCC_A1,1
950.0,0.03,FCC_A1,1
950.0,0.04,FCC_A1,1
950.0,0.05,FCC_A1,1
950.0,0.06,FCC_A1,1
950.0,0.07,FCC_A1,1
950.0,0.08,FCC_A1,1
950.0,0.09,FCC_A1,1
950.0,0.1,FCC_A1,1
950.0,0.11,FCC_A1,1
950.0,0.12,FCC_A1,1
950.0,0.13,FCC_A1,1
950.0,0.14,FCC_A1,1
950.0,0.15,FCC_A1,1
950.0,0.16,FCC_A1,1
950.0,0.17,FCC_A1,1
950.0,0.18,FCC_A1,1
950.0,0.19,FCC_A1,1
950.0,0.2,FCC_A1,1
950.0,0.21,FCC_A1,1
950.0,0.22,FCC_A1,1
950.0,0.23,FCC_A1,1
950.0,0.24,FCC_A1,1
950.0,0.25,FCC_A1,1
950.0,0.26,FCC_A1,1
950.0,0.27,FCC_A1,1
950.0,0.28,FCC_A1,1
950.0,0.29,FCC_A1,1
950.0,0.3,FCC_A1,1
950.0,0.31,FCC_A1,1
950.0,0.32,FCC_A1,1
950.0,0.33,FCC_A1,1
950.0,0.34,FCC_A1,1
950.0,0.35,FCC_A1,1
950.0,0.36,FCC_A1,1
950.0,0.37,FCC_A1,1
950.0,0.38,FCC_A1,1
950.0,0.39,FCC_A1,1
950.0,0.4,FCC_A1,1
950.0,0.41,FCC_A1,1
950.0,0.42,FCC_A1,1
950.0,0.43,FCC_A1,1
950.0,0.44,FCC_A1,1
950.0,0.45,FCC_A1,1
950.0,0.46,FCC_A1,1
950.0,0.47,FCC_A1,1
950.0,0.48,FCC_A1,1
950.0,0.49,FCC_A1,1
950.0,0.5,FCC_A1,1
950.0,0.51,FCC_A1,1
950.0,0.52,FCC_A1,1
950.0,0.53,FCC_A1,1
950.0,0.54,FCC_A1,1
950.0,0.55,FCC_A1,1
950.0,0.56,FCC_A1,1
950.0,0.5700000000000001,FCC_A1,1
950.0,0.58,FCC_A1,1
950.0,0.59,FCC_A1,1
950.0,0.6,FCC_A1,1
950.0,0.61,FCC_A1,1
950.0,0.62,FCC_A1,1
950.0,0.63,FCC_A1,1
950.0,0.64,FCC_A1,1
950.0,0.65,FCC_A1,1
950.0,0.66,FCC_A1,1
950.0,0.67,FCC_A1,1
950.0,0.68,FCC_A1,1
950.0,0.6900000000000001,FCC_A1,1
950.0,0.7000000000000001,FCC_A1,1
950.0,0.71,FCC_A1,1
950.0,0.72,FCC_A1,1
950.0,0.73,FCC_A1,1
950.0,0.74,FCC_A1,1
950.0,0.75,FCC_A1,1
950.0,0.76,FCC_A1,1
950.0,0.77,FCC_A1,1
950.0,0.78,FCC_A1,1
950.0,0.79,FCC_A1,1
950.0,0.8,FCC_A1,1
950.0,0.81,FCC_A1,1
950.0,0.8200000000000001,FCC_A1,1
950.0,0.8300000000000001,FCC_A1,1
950.0,0.84,FCC_A1,1
950.0,0.85,FCC_A1,1
950.0,0.86,FCC_A1,1
950.0,0.87,FCC_A1,1
950.0,0.88,FCC_A1,1
950.0,0.89,FCC_A1,1
950.0,0.9,FCC_A1,1
950.0,0.91,FCC_A1,1
950.0,0.92,FCC_A1,1
950.0,0.93,FCC_A1,1
950.0,0.94,FCC_A1,1
950.0,0.95,FCC_A1,1
950.0,0.96,FCC_A1,1
950.0,0.97,FCC_A1,1
950.0,0.98,FCC_A1,1
950.0,0.99,FCC_A1,1
950.0,1.0,FCC_A1,1
975.0,0.0,FCC_A1,1
975.0,0.01,FCC_A1,1
975.0,0.02,FCC_A1,1
975.0,0.03,FCC_A1,1
975.0,0.04,FCC_A1,1
975.0,0.05,FCC_A1,1
975.0,0.06,FCC_A1,1
975.0,0.07,FCC_A1,1
975.0,0.08,FCC_A1,1
975.0,0.09,FCC_A1,1
975.0,0.1,FCC_A1,1
975.0,0.11,FCC_A1,1
975.0,0.12,FCC_A1,1
975.0,0.13,FCC_A1,1
975.0,0.14,FCC_A1,1
975.0,0.15,FCC_A1,1
975.0,0.16,FCC_A1,1
975.0,0.17,FCC_A1,1
975.0,0.18,FCC_A1,1
975.0,0.19,FCC_A1,1
975.0,0.2,FCC_A1,1
975.0,0.21,FCC_A1,1
975.0,0.22,FCC_A1,1
975.0,0.23,FCC_A1,1
975.0,0.24,FCC_A1,1
975.0,0.25,FCC_A1,1
975.0,0.26,FCC_A1,1
975.0,0.27,FCC_A1,1
975.0,0.28,FCC_A1,1
975.0,0.29,FCC_A1,1
975.0,0.3,FCC_A1,1
975.0,0.31,FCC_A1,1
975.0,0.32,FCC_A1,1
975.0,0.33,FCC_A1,1
975.0,0.34,FCC_A1,1
975.0,0.35,FCC_A1,1
975.0,0.36,FCC_A1,1
975.0,0.37,FCC_A1,1
975.0,0.38,FCC_A1,1
975.0,0.39,FCC_A1,1
975.0,0.4,FCC_A1,1
975.0,0.41,FCC_A1,1
975.0,0.42,FCC_A1,1
975.0,0.43,FCC_A1,1
975.0,0.44,FCC_A1,1
975.0,0.45,FCC_A1,1
975.0,0.46,FCC_A1,1
975.0,0.47,FCC_A1,1
975.0,0.48,FCC_A1,1
975.0,0.49,FCC_A1,1
975.0,0.5,FCC_A1,1
975.0,0.51,FCC_A1,1
975.0,0.52,FCC_A1,1
975.0,0.53,FCC_A1,1
975.0,0.54,FCC_A1,1
975.0,0.55,FCC_A1,1
975.0,0.56,FCC_A1,1
975.0,0.5700000000000001,FCC_A1,1
975.0,0.58,FCC_A1,1
975.0,0.59,FCC_A1,1
975.0,0.6,FCC_A1,1
975.0,0.61,FCC_A1,1
975.0,0.62,FCC_A1,1
975.0,0.63,FCC_A1,1
975.0,0.64,FCC_A1,1
975.0,0.65,FCC_A1,1
975.0,0.66,FCC_A1,1
975.0,0.67,FCC_A1,1
975.0,0.68,FCC_A1,1
975.0,0.6900000000000001,FCC_A1,1
975.0,0.7000000000000001,FCC_A1,1
975.0,0.71,FCC_A1,1
975.0,0.72,FCC_A1,1
975.0,0.73,FCC_A1,1
975.0,0.74,FCC_A1,1
975.0,0.75,FCC_A1,1
975.0,0.76,FCC_A1,1
975.0,0.77,FCC_A1,1
975.0,0.78,FCC_A1,1
975.0,0.79,FCC_A1,1
975.0,0.8,FCC_A1,1
975.0,0.81,FCC_A1,1
975.0,0.8200000000000001,FCC_A1,1
975.0,0.8300000000000001,FCC_A1,1
975.0,0.84,FCC_A1,1
975.0,0.85,FCC_A1,1
975.0,0.86,FCC_A1,1
975.0,0.87,FCC_A1,1
975.0,0.88,FCC_A1,1
975.0,0.89,FCC_A1,1
975.0,0.9,FCC_A1,1
975.0,0.91,FCC_A1,1
975.0,0.92,FCC_A1,1
975.0,0.93,FCC_A1,1
975.0,0.94,FCC_A1,1
975.0,0.95,FCC_A1,1
975.0,0.96,FCC_A1,1
975.0,0.97,FCC_A1,1
975.0,0.98,FCC_A1,1
975.0,0.99,FCC_A1,1
975.0,1.0,FCC_A1,1
1000.0,0.0,FCC_A1,1
1000.0,0.01,FCC_A1,1
1000.0,0.02,FCC_A1,1
1000.0,0.03,FCC_A1,1
1000.0,0.04,FCC_A1,1
1000.0,0.05,FCC_A1,1
1000.0,0.06,FCC_A1,1
1000.0,0.07,FCC_A1,1
1000.0,0.08,FCC_A1,1
1000.0,0.09,FCC_A1,1
1000.0,0.1,FCC_A1,1
1000.0,0.11,FCC_A1,1
1000.0,0.12,FCC_A1,1
1000.0,0.13,FCC_A1,1
1000.0,0.14,FCC_A1,1
1000.0,0.15,FCC_A1,1
1000.0,0.16,FCC_A1,1
1000.0,0.17,FCC_A1,1
1000.0,0.18,FCC_A1,1
1000.0,0.19,FCC_A1,1
1000.0,0.2,FCC_A1,1
1000.0,0.21,FCC_A1,1
1000.0,0.22,FCC_A1,1
1000.0,0.23,FCC_A1,1
1000.0,0.24,FCC_A1,1
1000.0,0.25,FCC_A1,1
1000.0,0.26,FCC_A1,1
1000.0,0.27,FCC_A1,1
1000.0,0.28,FCC_A1,1
1000.0,0.29,FCC_A1,1
1000.0,0.3,FCC_A1,1
1000.0,0.31,FCC_A1,1
1000.0,0.32,FCC_A1,1
1000.0,0.33,FCC_A1,1
1000.0,0.34,FCC_A1,1
1000.0,0.35,FCC_A1,1
1000.0,0.36,FCC_A1,1
1000.0,0.37,FCC_A1,1
1000.0,0.38,FCC_A1,1
1000.0,0.39,FCC_A1,1
1000.0,0.4,FCC_A1,1
1000.0,0.41,FCC_A1,1
1000.0,0.42,FCC_A1,1
1000.0,0.43,FCC_A1,1
1000.0,0.44,FCC_A1,1
1000.0,0.45,FCC_A1,1
1000.0,0.46,FCC_A1,1
1000.0,0.47,FCC_A1,1
1000.0,0.48,FCC_A1,1
1000.0,0.49,FCC_A1,1
1000.0,0.5,FCC_A1,1
1000.0,0.51,FCC_A1,1
1000.0,0.52,FCC_A1,1
1000.0,0.53,FCC_A1,1
1000.0,0.54,FCC_A1,1
1000.0,0.55,FCC_A1,1
1000.0,0.56,FCC_A1,1
1000.0,0.5700000000000001,FCC_A1,1
1000.0,0.58,FCC_A1,1
1000.0,0.59,FCC_A1,1
1000.0,0.6,FCC_A1,1
1000.0,0.61,FCC_A1,1
1000.0,0.62,FCC_A1,1
1000.0,0.63,FCC_A1,1
1000.0,0.64,FCC_A1,1
1000.0,0.65,FCC_A1,1
1000.0,0.66,FCC_A1,1
1000.0,0.67,FCC_A1,1
1000.0,0.68,FCC_A1,1
1000.0,0.6900000000000001,FCC_A1,1
1000.0,0.7000000000000001,FCC_A1,1
1000.0,0.71,FCC_A1,1
1000.0,0.72,FCC_A1,1
1000.0,0.73,FCC_A1,1
1000.0,0.74,FCC_A1,1
1000.0,0.75,FCC_A1,1
1000.0,0.76,FCC_A1,1
1000.0,0.77,FCC_A1,1
1000.0,0.78,FCC_A1,1
1000.0,0.79,FCC_A1,1
1000.0,0.8,FCC_A1,1
1000.0,0.81,FCC_A1,1
1000.0,0.8200000000000001,FCC_A1,1
1000.0,0.8300000000000001,FCC_A1,1
1000.0,0.84,FCC_A1,1
1000.0,0.85,FCC_A1,1
1000.0,0.86,FCC_A1,1
1000.0,0.87,FCC_A1,1
1000.0,0.88,FCC_A1,1
1000.0,0.89,FCC_A1,1
1000.0,0.9,FCC_A1,1
1000.0,0.91,FCC_A1,1
1000.0,0.92,FCC_A1,1
1000.0,0.93,FCC_A1,1
1000.0,0.94,FCC_A1,1
1000.0,0.95,FCC_A1,1
1000.0,0.96,FCC_A1,1
1000.0,0.97,FCC_A1,1
1000.0,0.98,FCC_A1,1
1000.0,0.99,FCC_A1,1
1000.0,1.0,FCC_A1,1
1025.0,0.0,FCC_A1,1
1025.0,0.01,FCC_A1,1
1025.0,0.02,FCC_A1,1
1025.0,0.03,FCC_A1,1
1025.0,0.04,FCC_A1,1
1025.0,0.05,FCC_A1,1
1025.0,0.06,FCC_A1,1
1025.0,0.07,FCC_A1,1
1025.0,0.08,FCC_A1,1
1025.0,0.09,FCC_A1,1
1025.0,0.1,FCC_A1,1
1025.0,0.11,FCC_A1,1
1025.0,0.12,FCC_A1,1
1025.0,0.13,FCC_A1,1
1025.0,0.14,FCC_A1,1
1025.0,0.15,FCC_A1,1
1025.0,0.16,FCC_A1,1
1025.0,0.17,FCC_A1,1
1025.0,0.18,FCC_A1,1
1025.0,0.19,FCC_A1,1
1025.0,0.2,FCC_A1,1
1025.0,0.21,FCC_A1,1
1025.0,0.22,FCC_A1,1
1025.0,0.23,FCC_A1,1
1025.0,0.24,FCC_A1,1
1025.0,0.25,FCC_A1,1
1025.0,0.26,FCC_A1,1
1025.0,0.27,FCC_A1,1
1025.0,0.28,FCC_A1,1
1025.0,0.29,FCC_A1,1
1025.0,0.3,FCC_A1,1
1025.0,0.31,FCC_A1,1
1025.0,0.32,FCC_A1,1
1025.0,0.33,FCC_A1,1
1025.0,0.34,FCC_A1,1
1025.0,0.35,FCC_A1,1
1025.0,0.36,FCC_A1,1
1025.0,0.37,FCC_A1,1
1025.0,0.38,FCC_A1,1
1025.0,0.39,FCC_A1,1
1025.0,0.4,FCC_A1,1
1025.0,0.41,FCC_A1,1
1025.0,0.42,FCC_A1,1
1025.0,0.43,FCC_A1,1
1025.0,0.44,FCC_A1,1
1025.0,0.45,FCC_A1,1
1025.0,0.46,FCC_A1,1
1025.0,0.47,FCC_A1,1
1025.0,0.48,FCC_A1,1
1025.0,0.49,FCC_A1,1
1025.0,0.5,FCC_A1,1
1025.0,0.51,FCC_A1,1
1025.0,0.52,FCC_A1,1
1025.0,0.53,FCC_A1,1
1025.0,0.54,FCC_A1,1
1025.0,0.55,FCC_A1,1
1025.0,0.56,FCC_A1,1
1025.0,0.5700000000000001,FCC_A1,1
1025.0,0.58,FCC_A1,1
1025.0,0.59,FCC_A1,1
1025.0,0.6,FCC_A1,1
1025.0,0.61,FCC_A1,1
1025.0,0.62,FCC_A1,1
1025.0,0.63,FCC_A1,1
1025.0,0.64,FCC_A1,1
1025.0,0.65,FCC_A1,1
1025.0,0.66,FCC_A1,1
1025.0,0.67,FCC_A1,1
1025.0,0.68,FCC_A1,1
1025.0,0.6900000000000001,FCC_A1,1
1025.0,0.7000000000000001,FCC_A1,1
1025.0,0.71,FCC_A1,1
1025.0,0.72,FCC_A1,1
1025.0,0.73,FCC_A1,1
1025.0,0.74,FCC_A1,1
1025.0,0.75,FCC_A1,1
1025.0,0.76,FCC_A1,1
1025.0,0.77,FCC_A1,1
1025.0,0.78,FCC_A1,1
1025.0,0.79,FCC_A1,1
1025.0,0.8,FCC_A1,1
1025.0,0.81,FCC_A1,1
1025.0,0.8200000000000001,FCC_A1,1
1025.0,0.8300000000000001,FCC_A1,1
1025.0,0.84,FCC_A1,1
1025.0,0.85,FCC_A1,1
1025.0,0.86,FCC_A1,1
1025.0,0.87,FCC_A1,1
1025.0,0.88,FCC_A1,1
1025.0,0.89,FCC_A1,1
1025.0,0.9,FCC_A1,1
1025.0,0.91,FCC_A1,1
1025.0,0.92,FCC_A1,1
1025.0,0.93,FCC_A1,1
1025.0,0.94,FCC_A1,1
1025.0,0.95,FCC_A1,1
1025.0,0.96,FCC_A1,1
1025.0,0.97,FCC_A1,1
1025.0,0.98,FCC_A1,1
1025.0,0.99,FCC_A1,1
1025.0,1.0,FCC_A1,1
1050.0,0.0,FCC_A1,1
1050.0,0.01,FCC_A1,1
1050.0,0.02,FCC_A1,1
1050.0,0.03,FCC_A1,1
1050.0,0.04,FCC_A1,1
1050.0,0.05,FCC_A1,1
1050.0,0.06,FCC_A1,1
1050.0,0.07,FCC_A1,1
1050.0,0.08,FCC_A1,1
1050.0,0.09,FCC_A1,1
1050.0,0.1,FCC_A1,1
1050.0,0.11,FCC_A1,1
1050.0,0.12,FCC_A1,1
1050.0,0.13,FCC_A1,1
1050.0,0.14,FCC_A1,1
1050.0,0.15,FCC_A1,1
1050.0,0.16,FCC_A1,1
1050.0,0.17,FCC_A1,1
1050.0,0.18,FCC_A1,1
1050.0,0.19,FCC_A1,1
1050.0,0.2,FCC_A1,1
1050.0,0.21,FCC_A1,1
1050.0,0.22,FCC_A1,1
1050.0,0.23,FCC_A1,1
1050.0,0.24,FCC_A1,1
1050.0,0.25,FCC_A1,1
1050.0,0.26,FCC_A1,1
1050.0,0.27,FCC_A1,1
1050.0,0.28,FCC_A1,1
1050.0,0.29,FCC_A1,1
1050.0,0.3,FCC_A1,1
1050.0,0.31,FCC_A1,1
1050.0,0.32,FCC_A1,1
1050.0,0.33,FCC_A1,1
1050.0,0.34,FCC_A1,1
1050.0,0.35,FCC_A1,1
1050.0,0.36,FCC_A1,1
1050.0,0.37,FCC_A1,1
1050.0,0.38,FCC_A1,1
1050.0,0.39,FCC_A1,1
1050.0,0.4,FCC_A1,1
1050.0,0.41,FCC_A1,1
1050.0,0.42,FCC_A1,1
1050.0,0.43,FCC_A1,1
1050.0,0.44,FCC_A1,1
1050.0,0.45,FCC_A1,1
1050.0,0.46,FCC_A1,1
1050.0,0.47,FCC_A1,1
1050.0,0.48,FCC_A1,1
1050.0,0.49,FCC_A1,1
1050.0,0.5,FCC_A1,1
1050.0,0.51,FCC_A1,1
1050.0,0.52,FCC_A1,1
1050.0,0.53,FCC_A1,1
1050.0,0.54,FCC_A1,1
1050.0,0.55,FCC_A1,1
1050.0,0.56,FCC_A1,1
1050.0,0.5700000000000001,FCC_A1,1
1050.0,0.58,FCC_A1,1
1050.0,0.59,FCC_A1,1
1050.0,0.6,FCC_A1,1
1050.0,0.61,FCC_A1,1
1050.0,0.62,FCC_A1,1
1050.0,0.63,FCC_A1,1
1050.0,0.64,FCC_A1,1
1050.0,0.65,FCC_A1,1
1050.0,0.66,FCC_A1,1
1050.0,0.67,FCC_A1,1
1050.0,0.68,FCC_A1,1
1050.0,0.6900000000000001,FCC_A1,1
1050.0,0.7000000000000001,FCC_A1,1
1050.0,0.71,FCC_A1,1
1050.0,0.72,FCC_A1,1
1050.0,0.73,FCC_A1,1
1050.0,0.74,FCC_A1,1
1050.0,0.75,FCC_A1,1
1050.0,0.76,FCC_A1,1
1050.0,0.77,FCC_A1,1
1050.0,0.78,FCC_A1,1
1050.0,0.79,FCC_A1,1
1050.0,0.8,FCC_A1,1
1050.0,0.81,FCC_A1,1
1050.0,0.8200000000000001,FCC_A1,1
1050.0,0.8300000000000001,FCC_A1,1
1050.0,0.84,FCC_A1,1
1050.0,0.85,FCC_A1,1
1050.0,0.86,FCC_A1,1
1050.0,0.87,FCC_A1,1
1050.0,0.88,FCC_A1,1
1050.0,0.89,FCC_A1,1
1050.0,0.9,FCC_A1,1
1050.0,0.91,FCC_A1,1
1050.0,0.92,FCC_A1,1
1050.0,0.93,FCC_A1,1
1050.0,0.94,FCC_A1,1
1050.0,0.95,FCC_A1,1
1050.0,0.96,FCC_A1,1
1050.0,0.97,FCC_A1,1
1050.0,0.98,FCC_A1,1
1050.0,0.99,FCC_A1,1
1050.0,1.0,FCC_A1,1
1075.0,0.0,FCC_A1,1
1075.0,0.01,FCC_A1,1
1075.0,0.02,FCC_A1,1
1075.0,0.03,FCC_A1,1
1075.0,0.04,FCC_A1,1
1075.0,0.05,FCC_A1,1
1075.0,0.06,FCC_A1,1
1075.0,0.07,FCC_A1,1
1075.0,0.08,FCC_A1,1
1075.0,0.09,FCC_A1,1
1075.0,0.1,FCC_A1,1
1075.0,0.11,FCC_A1,1
1075.0,0.12,FCC_A1,1
1075.0,0.13,FCC_A1,1
1075.0,0.14,FCC_A1,1
1075.0,0.15,FCC_A1,1
1075.0,0.16,FCC_A1,1
1075.0,0.17,FCC_A1,1
1075.0,0.18,FCC_A1,1
1075.0,0.19,FCC_A1,1
1075.0,0.2,FCC_A1,1
1075.0,0.21,FCC_A1,1
1075.0,0.22,FCC_A1,1
1075.0,0.23,FCC_A1,1
1075.0,0.24,FCC_A1,1
1075.0,0.25,FCC_A1,1
1075.0,0.26,FCC_A1,1
1075.0,0.27,FCC_A1,1
1075.0,0.28,FCC_A1,1
1075.0,0.29,FCC_A1,1
1075.0,0.3,FCC_A1,1
1075.0,0.31,FCC_A1,1
1075.0,0.32,FCC_A1,1
1075.0,0.33,FCC_A1,1
1075.0,0.34,FCC_A1,1
1075.0,0.35,FCC_A1,1
1075.0,0.36,FCC_A1,1
1075.0,0.37,FCC_A1,1
1075.0,0.38,FCC_A1,1
1075.0,0.39,FCC_A1,1
1075.0,0.4,FCC_A1,1
1075.0,0.41,FCC_A1,1
1075.0,0.42,FCC_A1,1
1075.0,0.43,FCC_A1,1
1075.0,0.44,FCC_A1,1
1075.0,0.45,FCC_A1,1
1075.0,0.46,FCC_A1,1
1075.0,0.47,FCC_A1,1
1075.0,0.48,FCC_A1,1
1075.0,0.49,FCC_A1,1
1075.0,0.5,FCC_A1,1
1075.0,0.51,FCC_A1,1
1075.0,0.52,FCC_A1,1
1075.0,0.53,FCC_A1,1
1075.0,0.54,FCC_A1,1
1075.0,0.55,FCC_A1,1
1075.0,0.56,FCC_A1,1
1075.0,0.5700000000000001,FCC_A1,1
1075.0,0.58,FCC_A1,1
1075.0,0.59,FCC_A1,1
1075.0,0.6,FCC_A1,1
1075.0,0.61,FCC_A1,1
1075.0,0.62,FCC_A1,1
1075.0,0.63,FCC_A1,1
1075.0,0.64,FCC_A1,1
1075.0,0.65,FCC_A1,1
1075.0,0.66,FCC_A1,1
1075.0,0.67,FCC_A1,1
1075.0,0.68,FCC_A1,1
1075.0,0.6900000000000001,FCC_A1,1
1075.0,0.7000000000000001,FCC_A1,1
1075.0,0.71,FCC_A1,1
1075.0,0.72,FCC_A1,1
1075.0,0.73,FCC_A1,1
1075.0,0.74,FCC_A1,1
1075.0,0.75,FCC_A1,1
1075.0,0.76,FCC_A1,1
1075.0,0.77,FCC_A1,1
1075.0,0.78,FCC_A1,1
1075.0,0.79,FCC_A1,1
1075.0,0.8,FCC_A1,1
1075.0,0.81,FCC_A1,1
1075.0,0.8200000000000001,FCC_A1,1
1075.0,0.8300000000000001,FCC_A1,1
1075.0,0.84,FCC_A1,1
1075.0,0.85,FCC_A1,1
1075.0,0.86,FCC_A1,1
1075.0,0.87,FCC_A1,1
1075.0,0.88,FCC_A1,1
1075.0,0.89,FCC_A1,1
1075.0,0.9,FCC_A1,1
1075.0,0.91,FCC_A1,1
1075.0,0.92,FCC_A1,1
1075.0,0.93,FCC_A1,1
1075.0,0.94,FCC_A1,1
1075.0,0.95,FCC_A1,1
1075.0,0.96,FCC_A1,1
1075.0,0.97,FCC_A1,1
1075.0,0.98,FCC_A1,1
1075.0,0.99,FCC_A1,1
1075.0,1.0,FCC_A1,1
1100.0,0.0,FCC_A1,1
1100.0,0.01,FCC_A1,1
1100.0,0.02,FCC_A1,1
1100.0,0.03,FCC_A1,1
1100.0,0.04,FCC_A1,1
1100.0,0.05,FCC_A1,1
1100.0,0.06,FCC_A1,1
1100.0,0.07,FCC_A1,1
1100.0,0.08,FCC_A1,1
1100.0,0.09,FCC_A1,1
1100.0,0.1,FCC_A1,1
1100.0,0.11,FCC_A1,1
1100.0,0.12,FCC_A1,1
1100.0,0.13,FCC_A1,1
1100.0,0.14,FCC_A1,1
1100.0,0.15,FCC_A1,1
1100.0,0.16,FCC_A1,1
1100.0,0.17,FCC_A1,1
1100.0,0.18,FCC_A1,1
1100.0,0.19,FCC_A1,1
1100.0,0.2,FCC_A1,1
1100.0,0.21,FCC_A1,1
1100.0,0.22,FCC_A1,1
1100.0,0.23,FCC_A1,1
1100.0,0.24,FCC_A1,1
1100.0,0.25,FCC_A1,1
1100.0,0.26,FCC_A1,1
1100.0,0.27,FCC_A1,1
1100.0,0.28,FCC_A1,1
1100.0,0.29,FCC_A1,1
1100.0,0.3,FCC_A1,1
1100.0,0.31,FCC_A1,1
1100.0,0.32,FCC_A1,1
1100.0,0.33,FCC_A1,1
1100.0,0.34,FCC_A1,1
1100.0,0.35,FCC_A1,1
1100.0,0.36,FCC_A1,1
1100.0,0.37,FCC_A1,1
1100.0,0.38,FCC_A1,1
1100.0,0.39,FCC_A1,1
1100.0,0.4,FCC_A1,1
1100.0,0.41,FCC_A1,1
1100.0,0.42,FCC_A1,1
1100.0,0.43,FCC_A1,1
1100.0,0.44,FCC_A1,1
1100.0,0.45,FCC_A1,1
1100.0,0.46,FCC_A1,1
1100.0,0.47,FCC_A1,1
1100.0,0.48,FCC_A1,1
1100.0,0.49,FCC_A1,1
1100.0,0.5,FCC_A1,1
1100.0,0.51,FCC_A1,1
1100.0,0.52,FCC_A1,1
1100.0,0.53,FCC_A1,1
1100.0,0.54,FCC_A1,1
1100.0,0.55,FCC_A1,1
1100.0,0.56,FCC_A1,1
1100.0,0.5700000000000001,FCC_A1,1
1100.0,0.58,FCC_A1,1
1100.0,0.59,FCC_A1,1
1100.0,0.6,FCC_A1,1
1100.0,0.61,FCC_A1,1
1100.0,0.62,FCC_A1,1
1100.0,0.63,FCC_A1,1
1100.0,0.64,FCC_A1,1
1100.0,0.65,FCC_A1,1
1100.0,0.66,FCC_A1,1
1100.0,0.67,FCC_A1,1
1100.0,0.68,FCC_A1,1
1100.0,0.6900000000000001,FCC_A1,1
1100.0,0.7000000000000001,FCC_A1,1
1100.0,0.71,FCC_A1,1
1100.0,0.72,FCC_A1,1
1100.0,0.73,FCC_A1,1
1100.0,0.74,FCC_A1,1
1100.0,0.75,FCC_A1,1
1100.0,0.76,FCC_A1,1
1100.0,0.77,FCC_A1,1
1100.0,0.78,FCC_A1,1
1100.0,0.79,FCC_A1,1
1100.0,0.8,FCC_A1,1
1100.0,0.81,FCC_A1,1
1100.0,0.8200000000000001,FCC_A1,1
1100.0,0.8300000000000001,FCC_A1,1
1100.0,0.84,FCC_A1,1
1100.0,0.85,FCC_A1,1
1100.0,0.86,FCC_A1,1
1100.0,0.87,FCC_A1,1
1100.0,0.88,FCC_A1,1
1100.0,0.89,FCC_A1,1
1100.0,0.9,FCC_A1,1
1100.0,0.91,FCC_A1,1
1100.0,0.92,FCC_A1,1
1100.0,0.93,FCC_A1,1
1100.0,0.94,FCC_A1,1
1100.0,0.95,FCC_A1,1
1100.0,0.96,FCC_A1,1
1100.0,0.97,FCC_A1,1
1100.0,0.98,FCC_A1,1
1100.0,0.99,FCC_A1,1
1100.0,1.0,FCC_A1,1
1125.0,0.0,FCC_A1,1
1125.0,0.01,FCC_A1,1
1125.0,0.02,FCC_A1,1
1125.0,0.03,FCC_A1,1
1125.0,0.04,FCC_A1,1
1125.0,0.05,FCC_A1,1
1125.0,0.06,FCC_A1,1
1125.0,0.07,FCC_A1,1
1125.0,0.08,FCC_A1,1
1125.0,0.09,FCC_A1,1
1125.0,0.1,FCC_A1,1
1125.0,0.11,FCC_A1,1
1125.0,0.12,FCC_A1,1
1125.0,0.13,FCC_A1,1
1125.0,0.14,FCC_A1,1
1125.0,0.15,FCC_A1,1
1125.0,0.16,FCC_A1,1
1125.0,0.17,FCC_A1,1
1125.0,0.18,FCC_A1,1
1125.0,0.19,FCC_A1,1
1125.0,0.2,FCC_A1,1
1125.0,0.21,FCC_A1,1
1125.0,0.22,FCC_A1,1
1125.0,0.23,FCC_A1,1
1125.0,0.24,FCC_A1,1
1125.0,0.25,FCC_A1,1
1125.0,0.26,FCC_A1,1
1125.0,0.27,FCC_A1,1
1125.0,0.28,FCC_A1,1
1125.0,0.29,FCC_A1,1
1125.0,0.3,FCC_A1,1
1125.0,0.31,FCC_A1,1
1125.0,0.32,FCC_A1,1
1125.0,0.33,FCC_A1,1
1125.0,0.34,FCC_A1,1
1125.0,0.35,FCC_A1,1
1125.0,0.36,FCC_A1,1
1125.0,0.37,FCC_A1,1
1125.0,0.38,FCC_A1,1
1125.0,0.39,FCC_A1,1
1125.0,0.4,FCC_A1,1
1125.0,0.41,FCC_A1,1
1125.0,0.42,FCC_A1,1
1125.0,0.43,FCC_A1,1
1125.0,0.44,FCC_A1,1
1125.0,0.45,FCC_A1,1
1125.0,0.46,FCC_A1,1
1125.0,0.47,FCC_A1,1
1125.0,0.48,FCC_A1,1
1125.0,0.49,FCC_A1,1
1125.0,0.5,FCC_A1,1
1125.0,0.51,FCC_A1,1
1125.0,0.52,FCC_A1,1
1125.0,0.53,FCC_A1,1
1125.0,0.54,FCC_A1,1
1125.0,0.55,FCC_A1,1
1125.0,0.56,FCC_A1,1
1125.0,0.5700000000000001,FCC_A1,1
1125.0,0.58,FCC_A1,1
1125.0,0.59,FCC_A1,1
1125.0,0.6,FCC_A1,1
1125.0,0.61,FCC_A1,1
1125.0,0.62,FCC_A1,1
1125.0,0.63,FCC_A1,1
1125.0,0.64,FCC_A1,1
1125.0,0.65,FCC_A1,1
1125.0,0.66,FCC_A1,1
1125.0,0.67,FCC_A1,1
1125.0,0.68,FCC_A1,1
1125.0,0.6900000000000001,FCC_A1,1
1125.0,0.7000000000000001,FCC_A1,1
1125.0,0.71,FCC_A1,1
1125.0,0.72,FCC_A1,1
1125.0,0.73,FCC_A1,1
1125.0,0.74,FCC_A1,1
1125.0,0.75,FCC_A1,1
1125.0,0.76,FCC_A1,1
1125.0,0.77,FCC_A1,1
1125.0,0.78,FCC_A1,1
1125.0,0.79,FCC_A1,1
1125.0,0.8,FCC_A1,1
1125.0,0.81,FCC_A1,1
1125.0,0.8200000000000001,FCC_A1,1
1125.0,0.8300000000000001,FCC_A1,1
1125.0,0.84,FCC_A1,1
1125.0,0.85,FCC_A1,1
1125.0,0.86,FCC_A1,1
1125.0,0.87,FCC_A1,1
1125.0,0.88,FCC_A1,1
1125.0,0.89,FCC_A1,1
1125.0,0.9,FCC_A1,1
1125.0,0.91,FCC_A1,1
1125.0,0.92,FCC_A1,1
1125.0,0.93,FCC_A1,1
1125.0,0.94,FCC_A1,1
1125.0,0.95,FCC_A1,1
1125.0,0.96,FCC_A1,1
1125.0,0.97,FCC_A1,1
1125.0,0.98,FCC_A1,1
1125.0,0.99,FCC_A1,1
1125.0,1.0,FCC_A1,1
1150.0,0.0,FCC_A1,1
1150.0,0.01,FCC_A1,1
1150.0,0.02,FCC_A1,1
1150.0,0.03,FCC_A1,1
1150.0,0.04,FCC_A1,1
1150.0,0.05,FCC_A1,1
1150.0,0.06,FCC_A1,1
1150.0,0.07,FCC_A1,1
1150.0,0.08,FCC_A1,1
1150.0,0.09,FCC_A1,1
1150.0,0.1,FCC_A1,1
1150.0,0.11,FCC_A1,1
1150.0,0.12,FCC_A1,1
1150.0,0.13,FCC_A1,1
1150.0,0.14,FCC_A1,1
1150.0,0.15,FCC_A1,1
1150.0,0.16,FCC_A1,1
1150.0,0.17,FCC_A1,1
1150.0,0.18,FCC_A1,1
1150.0,0.19,FCC_A1,1
1150.0,0.2,FCC_A1,1
1150.0,0.21,FCC_A1,1
1150.0,0.22,FCC_A1,1
1150.0,0.23,FCC_A1,1
1150.0,0.24,FCC_A1,1
1150.0,0.25,FCC_A1,1
1150.0,0.26,FCC_A1,1
1150.0,0.27,FCC_A1,1
1150.0,0.28,FCC_A1,1
1150.0,0.29,FCC_A1,1
1150.0,0.3,FCC_A1,1
1150.0,0.31,FCC_A1,1
1150.0,0.32,FCC_A1,1
1150.0,0.33,FCC_A1,1
1150.0,0.34,FCC_A1,1
1150.0,0.35,FCC_A1,1
1150.0,0.36,FCC_A1,1
1150.0,0.37,FCC_A1,1
1150.0,0.38,FCC_A1,1
1150.0,0.39,FCC_A1,1
1150.0,0.4,FCC_A1,1
1150.0,0.41,FCC_A1,1
1150.0,0.42,FCC_A1,1
1150.0,0.43,FCC_A1,1
1150.0,0.44,FCC_A1,1
1150.0,0.45,FCC_A1,1
1150.0,0.46,FCC_A1,1
1150.0,0.47,FCC_A1,1
1150.0,0.48,FCC_A1,1
1150.0,0.49,FCC_A1,1
1150.0,0.5,FCC_A1,1
1150.0,0.51,FCC_A1,1
1150.0,0.52,FCC_A1,1
1150.0,0.53,FCC_A1,1
1150.0,0.54,FCC_A1,1
1150.0,0.55,FCC_A1,1
1150.0,0.56,FCC_A1,1
1150.0,0.5700000000000001,FCC_A1,1
1150.0,0.58,FCC_A1,1
1150.0,0.59,FCC_A1,1
1150.0,0.6,FCC_A1,1
1150.0,0.61,FCC_A1,1
1150.0,0.62,FCC_A1,1
1150.0,0.63,FCC_A1,1
1150.0,0.64,FCC_A1,1
1150.0,0.65,FCC_A1,1
1150.0,0.66,FCC_A1,1
1150.0,0.67,FCC_A1,1
1150.0,0.68,FCC_A1,1
1150.0,0.6900000000000001,FCC_A1,1
1150.0,0.7000000000000001,FCC_A1,1
1150.0,0.71,FCC_A1,1
1150.0,0.72,FCC_A1,1
1150.0,0.73,FCC_A1,1
1150.0,0.74,FCC_A1,1
1150.0,0.75,FCC_A1,1
1150.0,0.76,FCC_A1,1
1150.0,0.77,FCC_A1,1
1150.0,0.78,FCC_A1,1
1150.0,0.79,FCC_A1,1
1150.0,0.8,FCC_A1,1
1150.0,0.81,FCC_A1,1
1150.0,0.8200000000000001,FCC_A1,1
1150.0,0.8300000000000001,FCC_A1,1
1150.0,0.84,FCC_A1,1
1150.0,0.85,FCC_A1,1
1150.0,0.86,FCC_A1,1
1150.0,0.87,FCC_A1,1
1150.0,0.88,FCC_A1,1
1150.0,0.89,FCC_A1,1
1150.0,0.9,FCC_A1,1
1150.0,0.91,FCC_A1,1
1150.0,0.92,FCC_A1,1
1150.0,0.93,FCC_A1,1
1150.0,0.94,FCC_A1,1
1150.0,0.95,FCC_A1,1
1150.0,0.96,FCC_A1,1
1150.0,0.97,FCC_A1,1
1150.0,0.98,FCC_A1,1
1150.0,0.99,FCC_A1,1
1150.0,1.0,FCC_A1,1
1175.0,0.0,FCC_A1,1
1175.0,0.01,FCC_A1,1
1175.0,0.02,FCC_A1,1
1175.0,0.03,FCC_A1,1
1175.0,0.04,FCC_A1,1
1175.0,0.05,FCC_A1,1
1175.0,0.06,FCC_A1,1
1175.0,0.07,FCC_A1,1
1175.0,0.08,FCC_A1,1
1175.0,0.09,FCC_A1,1
1175.0,0.1,FCC_A1,1
1175.0,0.11,FCC_A1,1
1175.0,0.12,FCC_A1,1
1175.0,0.13,FCC_A1,1
1175.0,0.14,FCC_A1,1
1175.0,0.15,FCC_A1,1
1175.0,0.16,FCC_A1,1
1175.0,0.17,FCC_A1,1
1175.0,0.18,FCC_A1,1
1175.0,0.19,FCC_A1,1
1175.0,0.2,FCC_A1,1
1175.0,0.21,FCC_A1,1
1175.0,0.22,FCC_A1,1
1175.0,0.23,FCC_A1,1
1175.0,0.24,FCC_A1,1
1175.0,0.25,FCC_A1,1
1175.0,0.26,FCC_A1,1
1175.0,0.27,FCC_A1,1
1175.0,0.28,FCC_A1,1
1175.0,0.29,FCC_A1,1
1175.0,0.3,FCC_A1,1
1175.0,0.31,FCC_A1,1
1175.0,0.32,FCC_A1,1
1175.0,0.33,FCC_A1,1
1175.0,0.34,FCC_A1,1
1175.0,0.35,FCC_A1,1
1175.0,0.36,FCC_A1,1
1175.0,0.37,FCC_A1,1
1175.0,0.38,FCC_A1,1
1175.0,0.39,FCC_A1,1
1175.0,0.4,FCC_A1,1
1175.0,0.41,FCC_A1,1
1175.0,0.42,FCC_A1,1
1175.0,0.43,FCC_A1,1
1175.0,0.44,FCC_A1,1
1175.0,0.45,FCC_A1,1
1175.0,0.46,FCC_A1,1
1175.0,0.47,FCC_A1,1
1175.0,0.48,FCC_A1,1
1175.0,0.49,FCC_A1,1
1175.0,0.5,FCC_A1,1
1175.0,0.51,FCC_A1,1
1175.0,0.52,FCC_A1,1
1175.0,0.53,FCC_A1,1
1175.0,0.54,FCC_A1,1
1175.0,0.55,FCC_A1,1
1175.0,0.56,FCC_A1,1
1175.0,0.5700000000000001,FCC_A1,1
1175.0,0.58,FCC_A1,1
1175.0,0.59,FCC_A1,1
1175.0,0.6,FCC_A1,1
1175.0,0.61,FCC_A1,1
1175.0,0.62,FCC_A1,1
1175.0,0.63,FCC_A1,1
1175.0,0.64,FCC_A1,1
1175.0,0.65,FCC_A1,1
1175.0,0.66,FCC_A1,1
1175.0,0.67,FCC_A1,1
1175.0,0.68,FCC_A1,1
1175.0,0.6900000000000001,FCC_A1,1
1175.0,0.7000000000000001,FCC_A1,1
1175.0,0.71,FCC_A1,1
1175.0,0.72,FCC_A1,1
1175.0,0.73,FCC_A1,1
1175.0,0.74,FCC_A1,1
1175.0,0.75,FCC_A1,1
1175.0,0.76,FCC_A1,1
1175.0,0.77,FCC_A1,1
1175.0,0.78,FCC_A1,1
1175.0,0.79,FCC_A1,1
1175.0,0.8,FCC_A1,1
1175.0,0.81,FCC_A1,1
1175.0,0.8200000000000001,FCC_A1,1
1175.0,0.8300000000000001,FCC_A1,1
1175.0,0.84,FCC_A1,1
1175.0,0.85,FCC_A1,1
1175.0,0.86,FCC_A1,1
1175.0,0.87,FCC_A1,1
1175.0,0.88,FCC_A1,1
1175.0,0.89,FCC_A1,1
1175.0,0.9,FCC_A1,1
1175.0,0.91,FCC_A1,1
1175.0,0.92,FCC_A1,1
1175.0,0.93,FCC_A1,1
1175.0,0.94,FCC_A1,1
1175.0,0.95,FCC_A1,1
1175.0,0.96,FCC_A1,1
1175.0,0.97,FCC_A1,1
1175.0,0.98,FCC_A1,1
1175.0,0.99,FCC_A1,1
1175.0,1.0,FCC_A1,1
1200.0,0.0,FCC_A1,1
1200.0,0.01,FCC_A1,1
1200.0,0.02,FCC_A1,1
1200.0,0.03,FCC_A1,1
1200.0,0.04,FCC_A1,1
1200.0,0.05,FCC_A1,1
1200.0,0.06,FCC_A1,1
1200.0,0.07,FCC_A1,1
1200.0,0.08,FCC_A1,1
1200.0,0.09,FCC_A1,1
1200.0,0.1,FCC_A1,1
1200.0,0.11,FCC_A1,1
1200.0,0.12,FCC_A1,1
1200.0,0.13,FCC_A1,1
1200.0,0.14,FCC_A1,1
1200.0,0.15,FCC_A1,1
1200.0,0.16,FCC_A1,1
1200.0,0.17,FCC_A1,1
1200.0,0.18,FCC_A1,1
1200.0,0.19,FCC_A1,1
1200.0,0.2,FCC_A1,1
1200.0,0.21,FCC_A1,1
1200.0,0.22,FCC_A1,1
1200.0,0.23,FCC_A1,1
1200.0,0.24,FCC_A1,1
1200.0,0.25,FCC_A1,1
1200.0,0.26,FCC_A1,1
1200.0,0.27,FCC_A1,1
1200.0,0.28,FCC_A1,1
1200.0,0.29,FCC_A1,1
1200.0,0.3,FCC_A1,1
1200.0,0.31,FCC_A1,1
1200.0,0.32,FCC_A1,1
1200.0,0.33,FCC_A1,1
1200.0,0.34,FCC_A1,1
1200.0,0.35,FCC_A1,1
1200.0,0.36,FCC_A1,1
1200.0,0.37,FCC_A1,1
1200.0,0.38,FCC_A1,1
1200.0,0.39,FCC_A1,1
1200.0,0.4,FCC_A1,1
1200.0,0.41,FCC_A1,1
1200.0,0.42,FCC_A1,1
1200.0,0.43,FCC_A1,1
1200.0,0.44,FCC_A1,1
1200.0,0.45,FCC_A1,1
1200.0,0.46,FCC_A1,1
1200.0,0.47,FCC_A1,1
1200.0,0.48,FCC_A1,1
1200.0,0.49,FCC_A1,1
1200.0,0.5,FCC_A1,1
1200.0,0.51,FCC_A1,1
1200.0,0.52,FCC_A1,1
1200.0,0.53,FCC_A1,1
1200.0,0.54,FCC_A1,1
1200.0,0.55,FCC_A1,1
1200.0,0.56,FCC_A1,1
1200.0,0.5700000000000001,FCC_A1,1
1200.0,0.58,FCC_A1,1
1200.0,0.59,FCC_A1,1
1200.0,0.6,FCC_A1,1
1200.0,0.61,FCC_A1,1
1200.0,0.62,FCC_A1,1
1200.0,0.63,FCC_A1,1
1200.0,0.64,FCC_A1,1
1200.0,0.65,FCC_A1,1
1200.0,0.66,FCC_A1,1
1200.0,0.67,FCC_A1,1
1200.0,0.68,FCC_A1,1
1200.0,0.6900000000000001,FCC_A1,1
1200.0,0.7000000000000001,FCC_A1,1
1200.0,0.71,FCC_A1,1
1200.0,0.72,FCC_A1,1
1200.0,0.73,FCC_A1,1
1200.0,0.74,FCC_A1,1
1200.0,0.75,FCC_A1,1
1200.0,0.76,FCC_A1,1
1200.0,0.77,FCC_A1,1
1200.0,0.78,FCC_A1,1
1200.0,0.79,FCC_A1,1
1200.0,0.8,FCC_A1,1
1200.0,0.81,FCC_A1,1
1200.0,0.8200000000000001,FCC_A1,1
1200.0,0.8300000000000001,FCC_A1,1
1200.0,0.84,FCC_A1,1
1200.0,0.85,FCC_A1,1
1200.0,0.86,FCC_A1,1
1200.0,0.87,FCC_A1,1
1200.0,0.88,FCC_A1,1
1200.0,0.89,FCC_A1,1
1200.0,0.9,FCC_A1,1
1200.0,0.91,FCC_A1,1
1200.0,0.92,FCC_A1,1
1200.0,0.93,FCC_A1,1
1200.0,0.94,FCC_A1,1
1200.0,0.95,FCC_A1,1
1200.0,0.96,FCC_A1,1
1200.0,0.97,FCC_A1,1
1200.0,0.98,FCC_A1,1
1200.0,0.99,FCC_A1,1
1200.0,1.0,FCC_A1,1
1225.0,0.0,FCC_A1,1
1225.0,0.01,FCC_A1,1
1225.0,0.02,FCC_A1,1
1225.0,0.03,FCC_A1,1
1225.0,0.04,FCC_A1,1
1225.0,0.05,FCC_A1,1
1225.0,0.06,FCC_A1,1
1225.0,0.07,FCC_A1,1
1225.0,0.08,FCC_A1,1
1225.0,0.09,FCC_A1,1
1225.0,0.1,FCC_A1,1
1225.0,0.11,FCC_A1,1
1225.0,0.12,FCC_A1,1
1225.0,0.13,FCC_A1,1
1225.0,0.14,FCC_A1,1
1225.0,0.15,FCC_A1,1
1225.0,0.16,FCC_A1,1
1225.0,0.17,FCC_A1,1
1225.0,0.18,FCC_A1,1
1225.0,0.19,FCC_A1,1
1225.0,0.2,FCC_A1,1
1225.0,0.21,FCC_A1,1
1225.0,0.22,FCC_A1,1
1225.0,0.23,FCC_A1,1
1225.0,0.24,FCC_A1,1
1225.0,0.25,FCC_A1,1
1225.0,0.26,FCC_A1,1
1225.0,0.27,FCC_A1,1
1225.0,0.28,FCC_A1,1
1225.0,0.29,FCC_A1,1
1225.0,0.3,FCC_A1,1
1225.0,0.31,FCC_A1,1
1225.0,0.32,FCC_A1,1
1225.0,0.33,FCC_A1,1
1225.0,0.34,FCC_A1,1
1225.0,0.35,FCC_A1,1
1225.0,0.36,FCC_A1,1
1225.0,0.37,FCC_A1,1
1225.0,0.38,FCC_A1,1
1225.0,0.39,FCC_A1,1
1225.0,0.4,FCC_A1,1
1225.0,0.41,FCC_A1,1
1225.0,0.42,FCC_A1,1
1225.0,0.43,FCC_A1,1
1225.0,0.44,FCC_A1,1
1225.0,0.45,FCC_A1,1
1225.0,0.46,FCC_A1,1
1225.0,0.47,FCC_A1,1
1225.0,0.48,FCC_A1,1
1225.0,0.49,FCC_A1,1
1225.0,0.5,FCC_A1,1
1225.0,0.51,FCC_A1,1
1225.0,0.52,FCC_A1,1
1225.0,0.53,FCC_A1,1
1225.0,0.54,FCC_A1,1
1225.0,0.55,FCC_A1,1
1225.0,0.56,FCC_A1,1
1225.0,0.5700000000000001,FCC_A1,1
1225.0,0.58,FCC_A1,1
1225.0,0.59,FCC_A1,1
1225.0,0.6,FCC_A1,1
1225.0,0.61,FCC_A1,1
1225.0,0.62,FCC_A1,1
1225.0,0.63,FCC_A1,1
1225.0,0.64,FCC_A1,1
1225.0,0.65,FCC_A1,1
1225.0,0.66,FCC_A1,1
1225.0,0.67,FCC_A1,1
1225.0,0.68,FCC_A1,1
1225.0,0.6900000000000001,FCC_A1,1
1225.0,0.7000000000000001,FCC_A1,1
1225.0,0.71,FCC_A1,1
1225.0,0.72,FCC_A1,1
1225.0,0.73,FCC_A1,1
1225.0,0.74,FCC_A1,1
1225.0,0.75,FCC_A1,1
1225.0,0.76,FCC_A1,1
1225.0,0.77,FCC_A1,1
1225.0,0.78,FCC_A1,1
1225.0,0.79,FCC_A1,1
1225.0,0.8,FCC_A1,1
1225.0,0.81,FCC_A1,1
1225.0,0.8200000000000001,FCC_A1,1
1225.0,0.8300000000000001,FCC_A1,1
1225.0,0.84,FCC_A1,1
1225.0,0.85,FCC_A1,1
1225.0,0.86,FCC_A1,1
1225.0,0.87,FCC_A1,1
1225.0,0.88,FCC_A1,1
1225.0,0.89,FCC_A1,1
1225.0,0.9,FCC_A1,1
1225.0,0.91,FCC_A1,1
1225.0,0.92,FCC_A1,1
1225.0,0.93,FCC_A1,1
1225.0,0.94,FCC_A1,1
1225.0,0.95,FCC_A1,1
1225.0,0.96,FCC_A1,1
1225.0,0.97,FCC_A1,1
1225.0,0.98,FCC_A1,1
1225.0,0.99,FCC_A1,1
1225.0,1.0,FCC_A1,1
1250.0,0.0,FCC_A1,1
1250.0,0.01,FCC_A1,1
1250.0,0.02,FCC_A1,1
1250.0,0.03,FCC_A1,1
1250.0,0.04,FCC_A1,1
1250.0,0.05,FCC_A1,1
1250.0,0.06,FCC_A1,1
1250.0,0.07,FCC_A1,1
1250.0,0.08,FCC_A1,1
1250.0,0.09,FCC_A1,1
1250.0,0.1,FCC_A1,1
1250.0,0.11,FCC_A1,1
1250.0,0.12,FCC_A1,1
1250.0,0.13,FCC_A1,1
1250.0,0.14,FCC_A1,1
1250.0,0.15,FCC_A1,1
1250.0,0.16,FCC_A1,1
1250.0,0.17,FCC_A1,1
1250.0,0.18,FCC_A1,1
1250.0,0.19,FCC_A1,1
1250.0,0.2,FCC_A1,1
1250.0,0.21,FCC_A1,1
1250.0,0.22,FCC_A1,1
1250.0,0.23,FCC_A1,1
1250.0,0.24,FCC_A1,1
1250.0,0.25,FCC_A1,1
1250.0,0.26,FCC_A1,1
1250.0,0.27,FCC_A1,1
1250.0,0.28,FCC_A1,1
1250.0,0.29,FCC_A1,1
1250.0,0.3,FCC_A1,1
1250.0,0.31,FCC_A1,1
1250.0,0.32,FCC_A1,1
1250.0,0.33,FCC_A1,1
1250.0,0.34,FCC_A1,1
1250.0,0.35,FCC_A1,1
1250.0,0.36,FCC_A1,1
1250.0,0.37,FCC_A1,1
1250.0,0.38,FCC_A1,1
1250.0,0.39,FCC_A1,1
1250.0,0.4,FCC_A1,1
1250.0,0.41,FCC_A1,1
1250.0,0.42,FCC_A1,1
1250.0,0.43,FCC_A1,1
1250.0,0.44,FCC_A1,1
1250.0,0.45,FCC_A1,1
1250.0,0.46,FCC_A1,1
1250.0,0.47,FCC_A1,1
1250.0,0.48,FCC_A1,1
1250.0,0.49,FCC_A1,1
1250.0,0.5,FCC_A1,1
1250.0,0.51,FCC_A1,1
1250.0,0.52,FCC_A1,1
1250.0,0.53,FCC_A1,1
1250.0,0.54,FCC_A1,1
1250.0,0.55,FCC_A1,1
1250.0,0.56,FCC_A1,1
1250.0,0.5700000000000001,FCC_A1,1
1250.0,0.58,FCC_A1,1
1250.0,0.59,FCC_A1,1
1250.0,0.6,FCC_A1,1
1250.0,0.61,FCC_A1,1
1250.0,0.62,FCC_A1,1
1250.0,0.63,FCC_A1,1
1250.0,0.64,FCC_A1,1
1250.0,0.65,FCC_A1,1
1250.0,0.66,FCC_A1,1
1250.0,0.67,FCC_A1,1
1250.0,0.68,FCC_A1,1
1250.0,0.6900000000000001,FCC_A1,1
1250.0,0.7000000000000001,FCC_A1,1
1250.0,0.71,FCC_A1,1
1250.0,0.72,FCC_A1,1
1250.0,0.73,FCC_A1,1
1250.0,0.74,FCC_A1,1
1250.0,0.75,FCC_A1,1
1250.0,0.76,FCC_A1,1
1250.0,0.77,FCC_A1,1
1250.0,0.78,FCC_A1,1
1250.0,0.79,FCC_A1,1
1250.0,0.8,FCC_A1,1
1250.0,0.81,FCC_A1,1
1250.0,0.8200000000000001,FCC_A1,1
1250.0,0.8300000000000001,FCC_A1,1
1250.0,0.84,FCC_A1,1
1250.0,0.85,FCC_A1,1
1250.0,0.86,FCC_A1,1
1250.0,0.87,FCC_A1,1
1250.0,0.88,FCC_A1,1
1250.0,0.89,FCC_A1,1
1250.0,0.9,FCC_A1,1
1250.0,0.91,FCC_A1,1
1250.0,0.92,FCC_A1,1
1250.0,0.93,FCC_A1,1
1250.0,0.94,FCC_A1,1
1250.0,0.95,FCC_A1,1
1250.0,0.96,FCC_A1,1
1250.0,0.97,FCC_A1,1
1250.0,0.98,FCC_A1,1
1250.0,0.99,FCC_A1,1
1250.0,1.0,FCC_A1,1
1275.0,0.0,FCC_A1,1
1275.0,0.01,FCC_A1,1
1275.0,0.02,FCC_A1,1
1275.0,0.03,FCC_A1,1
1275.0,0.04,FCC_A1,1
1275.0,0.05,FCC_A1,1
1275.0,0.06,FCC_A1,1
1275.0,0.07,FCC_A1,1
1275.0,0.08,FCC_A1,1
1275.0,0.09,FCC_A1,1
1275.0,0.1,FCC_A1,1
1275.0,0.11,FCC_A1,1
1275.0,0.12,FCC_A1,1
1275.0,0.13,FCC_A1,1
1275.0,0.14,FCC_A1,1
1275.0,0.15,FCC_A1,1
1275.0,0.16,FCC_A1,1
1275.0,0.17,FCC_A1,1
1275.0,0.18,FCC_A1,1
1275.0,0.19,FCC_A1,1
1275.0,0.2,FCC_A1,1
1275.0,0.21,FCC_A1,1
1275.0,0.22,FCC_A1,1
1275.0,0.23,FCC_A1,1
1275.0,0.24,FCC_A1,1
1275.0,0.25,FCC_A1,1
1275.0,0.26,FCC_A1,1
1275.0,0.27,FCC_A1,1
1275.0,0.28,FCC_A1,1
1275.0,0.29,FCC_A1,1
1275.0,0.3,FCC_A1,1
1275.0,0.31,FCC_A1,1
1275.0,0.32,FCC_A1,1
1275.0,0.33,FCC_A1,1
1275.0,0.34,FCC_A1,1
1275.0,0.35,FCC_A1,1
1275.0,0.36,FCC_A1,1
1275.0,0.37,FCC_A1,1
1275.0,0.38,FCC_A1,1
1275.0,0.39,FCC_A1,1
1275.0,0.4,FCC_A1,1
1275.0,0.41,FCC_A1,1
1275.0,0.42,FCC_A1,1
1275.0,0.43,FCC_A1,1
1275.0,0.44,FCC_A1,1
1275.0,0.45,FCC_A1,1
1275.0,0.46,FCC_A1,1
1275.0,0.47,FCC_A1,1
1275.0,0.48,FCC_A1,1
1275.0,0.49,FCC_A1,1
1275.0,0.5,FCC_A1,1
1275.0,0.51,FCC_A1,1
1275.0,0.52,FCC_A1,1
1275.0,0.53,FCC_A1,1
1275.0,0.54,FCC_A1,1
1275.0,0.55,FCC_A1,1
1275.0,0.56,FCC_A1,1
1275.0,0.5700000000000001,FCC_A1,1
1275.0,0.58,FCC_A1,1
1275.0,0.59,FCC_A1,1
1275.0,0.6,FCC_A1,1
1275.0,0.61,FCC_A1,1
1275.0,0.62,FCC_A1,1
1275.0,0.63,FCC_A1,1
1275.0,0.64,FCC_A1,1
1275.0,0.65,FCC_A1,1
1275.0,0.66,FCC_A1,1
1275.0,0.67,FCC_A1,1
1275.0,0.68,FCC_A1,1
1275.0,0.6900000000000001,FCC_A1,1
1275.0,0.7000000000000001,FCC_A1,1
1275.0,0.71,FCC_A1,1
1275.0,0.72,FCC_A1,1
1275.0,0.73,FCC_A1,1
1275.0,0.74,FCC_A1,1
1275.0,0.75,FCC_A1,1
1275.0,0.76,FCC_A1,1
1275.0,0.77,FCC_A1,1
1275.0,0.78,FCC_A1,1
1275.0,0.79,FCC_A1,1
1275.0,0.8,FCC_A1,1
1275.0,0.81,FCC_A1,1
1275.0,0.8200000000000001,FCC_A1,1
1275.0,0.8300000000000001,FCC_A1,1
1275.0,0.84,FCC_A1,1
1275.0,0.85,FCC_A1,1
1275.0,0.86,FCC_A1,1
1275.0,0.87,FCC_A1,1
1275.0,0.88,FCC_A1,1
1275.0,0.89,FCC_A1,1
1275.0,0.9,FCC_A1,1
1275.0,0.91,FCC_A1,1
1275.0,0.92,FCC_A1,1
1275.0,0.93,FCC_A1,1
1275.0,0.94,FCC_A1,1
1275.0,0.95,FCC_A1,1
1275.0,0.96,FCC_A1,1
1275.0,0.97,FCC_A1,1
1275.0,0.98,FCC_A1,1
1275.0,0.99,FCC_A1,1
1275.0,1.0,FCC_A1,1
1300.0,0.0,FCC_A1,1
1300.0,0.01,FCC_A1,1
1300.0,0.02,FCC_A1,1
1300.0,0.03,FCC_A1,1
1300.0,0.04,FCC_A1,1
1300.0,0.05,FCC_A1,1
1300.0,0.06,FCC_A1,1
1300.0,0.07,FCC_A1,1
1300.0,0.08,FCC_A1,1
1300.0,0.09,FCC_A1,1
1300.0,0.1,FCC_A1,1
1300.0,0.11,FCC_A1,1
1300.0,0.12,FCC_A1,1
1300.0,0.13,FCC_A1,1
1300.0,0.14,FCC_A1,1
1300.0,0.15,FCC_A1,1
1300.0,0.16,FCC_A1,1
1300.0,0.17,FCC_A1,1
1300.0,0.18,FCC_A1,1
1300.0,0.19,FCC_A1,1
1300.0,0.2,FCC_A1,1
1300.0,0.21,FCC_A1,1
1300.0,0.22,FCC_A1,1
1300.0,0.23,FCC_A1,1
1300.0,0.24,FCC_A1,1
1300.0,0.25,FCC_A1,1
1300.0,0.26,FCC_A1,1
1300.0,0.27,FCC_A1,1
1300.0,0.28,FCC_A1,1
1300.0,0.29,FCC_A1,1
1300.0,0.3,FCC_A1,1
1300.0,0.31,FCC_A1,1
1300.0,0.32,FCC_A1,1
1300.0,0.33,FCC_A1,1
1300.0,0.34,FCC_A1,1
1300.0,0.35,FCC_A1,1
1300.0,0.36,FCC_A1,1
1300.0,0.37,FCC_A1,1
1300.0,0.38,FCC_A1,1
1300.0,0.39,FCC_A1,1
1300.0,0.4,FCC_A1,1
1300.0,0.41,FCC_A1,1
1300.0,0.42,FCC_A1,1
1300.0,0.43,FCC_A1,1
1300.0,0.44,FCC_A1,1
1300.0,0.45,FCC_A1,1
1300.0,0.46,FCC_A1,1
1300.0,0.47,FCC_A1,1
1300.0,0.48,FCC_A1,1
1300.0,0.49,FCC_A1,1
1300.0,0.5,FCC_A1,1
1300.0,0.51,FCC_A1,1
1300.0,0.52,FCC_A1,1
1300.0,0.53,FCC_A1,1
1300.0,0.54,FCC_A1,1
1300.0,0.55,FCC_A1,1
1300.0,0.56,FCC_A1,1
1300.0,0.5700000000000001,FCC_A1,1
1300.0,0.58,FCC_A1,1
1300.0,0.59,FCC_A1,1
1300.0,0.6,FCC_A1,1
1300.0,0.61,FCC_A1,1
1300.0,0.62,FCC_A1,1
1300.0,0.63,FCC_A1,1
1300.0,0.64,FCC_A1,1
1300.0,0.65,FCC_A1,1
1300.0,0.66,FCC_A1,1
1300.0,0.67,FCC_A1,1
1300.0,0.68,FCC_A1,1
1300.0,0.6900000000000001,FCC_A1,1
1300.0,0.7000000000000001,FCC_A1,1
1300.0,0.71,FCC_A1,1
1300.0,0.72,FCC_A1,1
1300.0,0.73,FCC_A1,1
1300.0,0.74,FCC_A1,1
1300.0,0.75,FCC_A1,1
1300.0,0.76,FCC_A1,1
1300.0,0.77,FCC_A1,1
1300.0,0.78,FCC_A1,1
1300.0,0.79,FCC_A1,1
1300.0,0.8,FCC_A1,1
1300.0,0.81,FCC_A1,1
1300.0,0.8200000000000001,FCC_A1,1
1300.0,0.8300000000000001,FCC_A1,1
1300.0,0.84,FCC_A1,1
1300.0,0.85,FCC_A1,1
1300.0,0.86,FCC_A1,1
1300.0,0.87,FCC_A1,1
1300.0,0.88,FCC_A1,1
1300.0,0.89,FCC_A1,1
1300.0,0.9,FCC_A1,1
1300.0,0.91,FCC_A1,1
1300.0,0.92,FCC_A1,1
1300.0,0.93,FCC_A1,1
1300.0,0.94,FCC_A1,1
1300.0,0.95,FCC_A1,1
1300.0,0.96,FCC_A1,1
1300.0,0.97,FCC_A1,1
1300.0,0.98,FCC_A1,1
1300.0,0.99,FCC_A1,1
1300.0,1.0,FCC_A1,1
1325.0,0.0,FCC_A1,1
1325.0,0.01,FCC_A1,1
1325.0,0.02,FCC_A1,1
1325.0,0.03,FCC_A1,1
1325.0,0.04,FCC_A1,1
1325.0,0.05,FCC_A1,1
1325.0,0.06,FCC_A1,1
1325.0,0.07,FCC_A1,1
1325.0,0.08,FCC_A1,1
1325.0,0.09,FCC_A1,1
1325.0,0.1,FCC_A1,1
1325.0,0.11,FCC_A1,1
1325.0,0.12,FCC_A1,1
1325.0,0.13,FCC_A1,1
1325.0,0.14,FCC_A1,1
1325.0,0.15,FCC_A1,1
1325.0,0.16,FCC_A1,1
1325.0,0.17,FCC_A1,1
1325.0,0.18,FCC_A1,1
1325.0,0.19,FCC_A1,1
1325.0,0.2,FCC_A1,1
1325.0,0.21,FCC_A1,1
1325.0,0.22,FCC_A1,1
1325.0,0.23,FCC_A1,1
1325.0,0.24,FCC_A1,1
1325.0,0.25,FCC_A1,1
1325.0,0.26,FCC_A1,1
1325.0,0.27,FCC_A1,1
1325.0,0.28,FCC_A1,1
1325.0,0.29,FCC_A1,1
1325.0,0.3,FCC_A1,1
1325.0,0.31,FCC_A1,1
1325.0,0.32,FCC_A1,1
1325.0,0.33,FCC_A1,1
1325.0,0.34,FCC_A1,1
1325.0,0.35,FCC_A1,1
1325.0,0.36,FCC_A1,1
1325.0,0.37,FCC_A1,1
1325.0,0.38,FCC_A1,1
1325.0,0.39,FCC_A1,1
1325.0,0.4,FCC_A1,1
1325.0,0.41,FCC_A1,1
1325.0,0.42,FCC_A1,1
1325.0,0.43,FCC_A1,1
1325.0,0.44,FCC_A1,1
1325.0,0.45,FCC_A1,1
1325.0,0.46,FCC_A1,1
1325.0,0.47,FCC_A1,1
1325.0,0.48,FCC_A1,1
1325.0,0.49,FCC_A1,1
1325.0,0.5,FCC_A1,1
1325.0,0.51,FCC_A1,1
1325.0,0.52,FCC_A1,1
1325.0,0.53,FCC_A1,1
1325.0,0.54,FCC_A1,1
1325.0,0.55,FCC_A1,1
1325.0,0.56,FCC_A1,1
1325.0,0.5700000000000001,FCC_A1,1
1325.0,0.58,FCC_A1,1
1325.0,0.59,FCC_A1,1
1325.0,0.6,FCC_A1,1
1325.0,0.61,FCC_A1,1
1325.0,0.62,FCC_A1,1
1325.0,0.63,FCC_A1,1
1325.0,0.64,FCC_A1,1
1325.0,0.65,FCC_A1,1
1325.0,0.66,FCC_A1,1
1325.0,0.67,FCC_A1,1
1325.0,0.68,FCC_A1,1
1325.0,0.6900000000000001,FCC_A1,1
1325.0,0.7000000000000001,FCC_A1,1
1325.0,0.71,FCC_A1,1
1325.0,0.72,FCC_A1,1
1325.0,0.73,FCC_A1,1
1325.0,0.74,FCC_A1,1
1325.0,0.75,FCC_A1,1
1325.0,0.76,FCC_A1,1
1325.0,0.77,FCC_A1,1
1325.0,0.78,FCC_A1,1
1325.0,0.79,FCC_A1,1
1325.0,0.8,FCC_A1,1
1325.0,0.81,FCC_A1,1
1325.0,0.8200000000000001,FCC_A1,1
1325.0,0.8300000000000001,FCC_A1,1
1325.0,0.84,FCC_A1,1
1325.0,0.85,FCC_A1,1
1325.0,0.86,FCC_A1,1
1325.0,0.87,FCC_A1,1
1325.0,0.88,FCC_A1,1
1325.0,0.89,FCC_A1,1
1325.0,0.9,FCC_A1,1
1325.0,0.91,FCC_A1,1
1325.0,0.92,FCC_A1,1
1325.0,0.93,FCC_A1,1
1325.0,0.94,FCC_A1,1
1325.0,0.95,FCC_A1,1
1325.0,0.96,FCC_A1,1
1325.0,0.97,FCC_A1,1
1325.0,0.98,FCC_A1,1
1325.0,0.99,FCC_A1,1
1325.0,1.0,FCC_A1,1
1350.0,0.0,FCC_A1,1
1350.0,0.01,FCC_A1,1
1350.0,0.02,FCC_A1,1
1350.0,0.03,FCC_A1,1
1350.0,0.04,FCC_A1,1
1350.0,0.05,FCC_A1,1
1350.0,0.06,FCC_A1,1
1350.0,0.07,FCC_A1,1
1350.0,0.08,FCC_A1,1
1350.0,0.09,FCC_A1,1
1350.0,0.1,FCC_A1,1
1350.0,0.11,FCC_A1,1
1350.0,0.12,FCC_A1,1
1350.0,0.13,FCC_A1,1
1350.0,0.14,FCC_A1,1
1350.0,0.15,FCC_A1,1
1350.0,0.16,FCC_A1,1
1350.0,0.17,FCC_A1,1
1350.0,0.18,FCC_A1,1
1350.0,0.19,FCC_A1,1
1350.0,0.2,FCC_A1,1
1350.0,0.21,FCC_A1,1
1350.0,0.22,FCC_A1,1
1350.0,0.23,FCC_A1,1
1350.0,0.24,FCC_A1,1
1350.0,0.25,FCC_A1,1
1350.0,0.26,FCC_A1,1
1350.0,0.27,FCC_A1,1
1350.0,0.28,FCC_A1,1
1350.0,0.29,FCC_A1,1
1350.0,0.3,FCC_A1,1
1350.0,0.31,FCC_A1,1
1350.0,0.32,FCC_A1,1
1350.0,0.33,FCC_A1,1
1350.0,0.34,FCC_A1,1
1350.0,0.35,FCC_A1,1
1350.0,0.36,FCC_A1,1
1350.0,0.37,FCC_A1,1
1350.0,0.38,FCC_A1,1
1350.0,0.39,FCC_A1,1
1350.0,0.4,FCC_A1,1
1350.0,0.41,FCC_A1,1
1350.0,0.42,FCC_A1,1
1350.0,0.43,FCC_A1,1
1350.0,0.44,FCC_A1,1
1350.0,0.45,FCC_A1,1
1350.0,0.46,FCC_A1,1
1350.0,0.47,FCC_A1,1
1350.0,0.48,FCC_A1,1
1350.0,0.49,FCC_A1,1
1350.0,0.5,FCC_A1,1
1350.0,0.51,FCC_A1,1
1350.0,0.52,FCC_A1,1
1350.0,0.53,FCC_A1,1
1350.0,0.54,FCC_A1,1
1350.0,0.55,FCC_A1,1
1350.0,0.56,FCC_A1,1
1350.0,0.5700000000000001,FCC_A1,1
1350.0,0.58,FCC_A1,1
1350.0,0.59,FCC_A1,1
1350.0,0.6,FCC_A1,1
1350.0,0.61,FCC_A1,1
1350.0,0.62,FCC_A1,1
1350.0,0.63,FCC_A1,1
1350.0,0.64,FCC_A1,1
1350.0,0.65,FCC_A1,1
1350.0,0.66,FCC_A1,1
1350.0,0.67,FCC_A1,1
1350.0,0.68,FCC_A1,1
1350.0,0.6900000000000001,FCC_A1,1
1350.0,0.7000000000000001,FCC_A1,1
1350.0,0.71,FCC_A1,1
1350.0,0.72,FCC_A1,1
1350.0,0.73,FCC_A1,1
1350.0,0.74,FCC_A1,1
1350.0,0.75,FCC_A1,1
1350.0,0.76,FCC_A1,1
1350.0,0.77,FCC_A1,1
1350.0,0.78,FCC_A1,1
1350.0,0.79,FCC_A1,1
1350.0,0.8,FCC_A1,1
1350.0,0.81,FCC_A1,1
1350.0,0.8200000000000001,FCC_A1,1
1350.0,0.8300000000000001,FCC_A1,1
1350.0,0.84,FCC_A1,1
1350.0,0.85,FCC_A1,1
1350.0,0.86,FCC_A1,1
1350.0,0.87,FCC_A1,1
1350.0,0.88,FCC_A1,1
1350.0,0.89,FCC_A1,1
1350.0,0.9,FCC_A1,1
1350.0,0.91,FCC_A1,1
1350.0,0.92,FCC_A1,1
1350.0,0.93,FCC_A1,1
1350.0,0.94,FCC_A1,1
1350.0,0.95,FCC_A1,1
1350.0,0.96,FCC_A1,1
1350.0,0.97,FCC_A1,1
1350.0,0.98,FCC_A1,1
1350.0,0.99,FCC_A1,1
1350.0,1.0,FCC_A1,1
1375.0,0.0,FCC_A1,1
1375.0,0.01,FCC_A1,1
1375.0,0.02,FCC_A1,1
1375.0,0.03,FCC_A1,1
1375.0,0.04,FCC_A1,1
1375.0,0.05,FCC_A1,1
1375.0,0.06,FCC_A1,1
1375.0,0.07,FCC_A1,1
1375.0,0.08,FCC_A1,1
1375.0,0.09,FCC_A1,1
1375.0,0.1,FCC_A1,1
1375.0,0.11,FCC_A1,1
1375.0,0.12,FCC_A1,1
1375.0,0.13,FCC_A1,1
1375.0,0.14,FCC_A1,1
1375.0,0.15,FCC_A1,1
1375.0,0.16,FCC_A1,1
1375.0,0.17,FCC_A1,1
1375.0,0.18,FCC_A1,1
1375.0,0.19,FCC_A1,1
1375.0,0.2,FCC_A1,1
1375.0,0.21,FCC_A1,1
1375.0,0.22,FCC_A1,1
1375.0,0.23,FCC_A1,1
1375.0,0.24,FCC_A1,1
1375.0,0.25,FCC_A1,1
1375.0,0.26,FCC_A1,1
1375.0,0.27,FCC_A1,1
1375.0,0.28,FCC_A1,1
1375.0,0.29,FCC_A1,1
1375.0,0.3,FCC_A1,1
1375.0,0.31,FCC_A1,1
1375.0,0.32,FCC_A1,1
1375.0,0.33,FCC_A1,1
1375.0,0.34,FCC_A1,1
1375.0,0.35,FCC_A1,1
1375.0,0.36,FCC_A1,1
1375.0,0.37,FCC_A1,1
1375.0,0.38,FCC_A1,1
1375.0,0.39,FCC_A1,1
1375.0,0.4,FCC_A1,1
1375.0,0.41,FCC_A1,1
1375.0,0.42,FCC_A1,1
1375.0,0.43,FCC_A1,1
1375.0,0.44,FCC_A1,1
1375.0,0.45,FCC_A1,1
1375.0,0.46,FCC_A1,1
1375.0,0.47,FCC_A1,1
1375.0,0.48,FCC_A1,1
1375.0,0.49,FCC_A1,1
1375.0,0.5,FCC_A1,1
1375.0,0.51,FCC_A1,1
1375.0,0.52,FCC_A1,1
1375.0,0.53,FCC_A1,1
1375.0,0.54,FCC_A1,1
1375.0,0.55,FCC_A1,1
1375.0,0.56,FCC_A1,1
1375.0,0.5700000000000001,FCC_A1,1
1375.0,0.58,FCC_A1,1
1375.0,0.59,FCC_A1,1
1375.0,0.6,FCC_A1,1
1375.0,0.61,FCC_A1,1
1375.0,0.62,FCC_A1,1
1375.0,0.63,FCC_A1,1
1375.0,0.64,FCC_A1,1
1375.0,0.65,FCC_A1,1
1375.0,0.66,FCC_A1,1
1375.0,0.67,FCC_A1,1
1375.0,0.68,FCC_A1,1
1375.0,0.6900000000000001,FCC_A1,1
1375.0,0.7000000000000001,FCC_A1,1
1375.0,0.71,FCC_A1,1
1375.0,0.72,FCC_A1,1
1375.0,0.73,FCC_A1,1
1375.0,0.74,FCC_A1,1
1375.0,0.75,FCC_A1,1
1375.0,0.76,FCC_A1,1
1375.0,0.77,FCC_A1,1
1375.0,0.78,FCC_A1,1
1375.0,0.79,FCC_A1,1
1375.0,0.8,FCC_A1,1
1375.0,0.81,FCC_A1,1
1375.0,0.8200000000000001,FCC_A1,1
1375.0,0.8300000000000001,FCC_A1,1
1375.0,0.84,FCC_A1,1
1375.0,0.85,FCC_A1,1
1375.0,0.86,FCC_A1,1
1375.0,0.87,FCC_A1,1
1375.0,0.88,FCC_A1,1
1375.0,0.89,FCC_A1,1
1375.0,0.9,FCC_A1,1
1375.0,0.91,FCC_A1,1
1375.0,0.92,FCC_A1,1
1375.0,0.93,FCC_A1,1
1375.0,0.94,FCC_A1,1
1375.0,0.95,FCC_A1,1
1375.0,0.96,FCC_A1,1
1375.0,0.97,FCC_A1,1
1375.0,0.98,FCC_A1,1
1375.0,0.99,FCC_A1,1
1375.0,1.0,FCC_A1,1
1400.0,0.0,FCC_A1,1
1400.0,0.01,FCC_A1,1
1400.0,0.02,FCC_A1,1
1400.0,0.03,FCC_A1,1
1400.0,0.04,FCC_A1,1
1400.0,0.05,FCC_A1,1
1400.0,0.06,FCC_A1,1
1400.0,0.07,FCC_A1,1
1400.0,0.08,FCC_A1,1
1400.0,0.09,FCC_A1,1
1400.0,0.1,FCC_A1,1
1400.0,0.11,FCC_A1,1
1400.0,0.12,FCC_A1,1
1400.0,0.13,FCC_A1,1
1400.0,0.14,FCC_A1,1
1400.0,0.15,FCC_A1,1
1400.0,0.16,FCC_A1,1
1400.0,0.17,FCC_A1,1
1400.0,0.18,FCC_A1,1
1400.0,0.19,FCC_A1,1
1400.0,0.2,FCC_A1,1
1400.0,0.21,FCC_A1,1
1400.0,0.22,FCC_A1,1
1400.0,0.23,FCC_A1,1
1400.0,0.24,FCC_A1,1
1400.0,0.25,FCC_A1,1
1400.0,0.26,FCC_A1,1
1400.0,0.27,FCC_A1,1
1400.0,0.28,FCC_A1,1
1400.0,0.29,FCC_A1,1
1400.0,0.3,FCC_A1,1
1400.0,0.31,FCC_A1,1
1400.0,0.32,FCC_A1,1
1400.0,0.33,FCC_A1,1
1400.0,0.34,FCC_A1,1
1400.0,0.35,FCC_A1,1
1400.0,0.36,FCC_A1,1
1400.0,0.37,FCC_A1,1
1400.0,0.38,FCC_A1,1
1400.0,0.39,FCC_A1,1
1400.0,0.4,FCC_A1,1
1400.0,0.41,FCC_A1,1
1400.0,0.42,FCC_A1,1
1400.0,0.43,FCC_A1,1
1400.0,0.44,FCC_A1,1
1400.0,0.45,FCC_A1,1
1400.0,0.46,FCC_A1,1
1400.0,0.47,FCC_A1,1
1400.0,0.48,FCC_A1,1
1400.0,0.49,FCC_A1,1
1400.0,0.5,FCC_A1,1
1400.0,0.51,FCC_A1,1
1400.0,0.52,FCC_A1,1
1400.0,0.53,FCC_A1,1
1400.0,0.54,FCC_A1,1
1400.0,0.55,FCC_A1,1
1400.0,0.56,FCC_A1,1
1400.0,0.5700000000000001,FCC_A1,1
1400.0,0.58,FCC_A1,1
1400.0,0.59,FCC_A1,1
1400.0,0.6,FCC_A1,1
1400.0,0.61,FCC_A1,1
1400.0,0.62,FCC_A1,1
1400.0,0.63,FCC_A1,1
1400.0,0.64,FCC_A1,1
1400.0,0.65,FCC_A1,1
1400.0,0.66,FCC_A1,1
1400.0,0.67,FCC_A1,1
1400.0,0.68,FCC_A1,1
1400.0,0.6900000000000001,FCC_A1,1
1400.0,0.7000000000000001,FCC_A1,1
1400.0,0.71,FCC_A1,1
1400.0,0.72,FCC_A1,1
1400.0,0.73,FCC_A1,1
1400.0,0.74,FCC_A1,1
1400.0,0.75,FCC_A1,1
1400.0,0.76,FCC_A1,1
1400.0,0.77,FCC_A1,1
1400.0,0.78,FCC_A1,1
1400.0,0.79,FCC_A1,1
1400.0,0.8,FCC_A1,1
1400.0,0.81,FCC_A1,1
1400.0,0.8200000000000001,FCC_A1,1
1400.0,0.8300000000000001,FCC_A1,1
1400.0,0.84,FCC_A1,1
1400.0,0.85,FCC_A1,1
1400.0,0.86,FCC_A1,1
1400.0,0.87,FCC_A1,1
1400.0,0.88,FCC_A1,1
1400.0,0.89,FCC_A1,1
1400.0,0.9,FCC_A1,1
1400.0,0.91,FCC_A1,1
1400.0,0.92,FCC_A1,1
1400.0,0.93,FCC_A1,1
1400.0,0.94,FCC_A1,1
1400.0,0.95,FCC_A1,1
1400.0,0.96,FCC_A1,1
1400.0,0.97,FCC_A1,1
1400.0,0.98,FCC_A1,1
1400.0,0.99,FCC_A1,1
1400.0,1.0,FCC_A1,1
1425.0,0.0,FCC_A1,1
1425.0,0.01,FCC_A1,1
1425.0,0.02,FCC_A1,1
1425.0,0.03,FCC_A1,1
1425.0,0.04,FCC_A1,1
1425.0,0.05,FCC_A1,1
1425.0,0.06,FCC_A1,1
1425.0,0.07,FCC_A1,1
1425.0,0.08,FCC_A1,1
1425.0,0.09,FCC_A1,1
1425.0,0.1,FCC_A1,1
1425.0,0.11,FCC_A1,1
1425.0,0.12,FCC_A1,1
1425.0,0.13,FCC_A1,1
1425.0,0.14,FCC_A1,1
1425.0,0.15,FCC_A1,1
1425.0,0.16,FCC_A1,1
1425.0,0.17,FCC_A1,1
1425.0,0.18,FCC_A1,1
1425.0,0.19,FCC_A1,1
1425.0,0.2,FCC_A1,1
1425.0,0.21,FCC_A1,1
1425.0,0.22,FCC_A1,1
1425.0,0.23,FCC_A1,1
1425.0,0.24,FCC_A1,1
1425.0,0.25,FCC_A1,1
1425.0,0.26,FCC_A1,1
1425.0,0.27,FCC_A1,1
1425.0,0.28,FCC_A1,1
1425.0,0.29,FCC_A1,1
1425.0,0.3,FCC_A1,1
1425.0,0.31,FCC_A1,1
1425.0,0.32,FCC_A1,1
1425.0,0.33,FCC_A1,1
1425.0,0.34,FCC_A1,1
1425.0,0.35,FCC_A1,1
1425.0,0.36,FCC_A1,1
1425.0,0.37,FCC_A1,1
1425.0,0.38,FCC_A1,1
1425.0,0.39,FCC_A1,1
1425.0,0.4,FCC_A1,1
1425.0,0.41,FCC_A1,1
1425.0,0.42,FCC_A1,1
1425.0,0.43,FCC_A1,1
1425.0,0.44,FCC_A1,1
1425.0,0.45,FCC_A1,1
1425.0,0.46,FCC_A1,1
1425.0,0.47,FCC_A1,1
1425.0,0.48,FCC_A1,1
1425.0,0.49,FCC_A1,1
1425.0,0.5,FCC_A1,1
1425.0,0.51,FCC_A1,1
1425.0,0.52,FCC_A1,1
1425.0,0.53,FCC_A1,1
1425.0,0.54,FCC_A1,1
1425.0,0.55,FCC_A1,1
1425.0,0.56,FCC_A1,1
1425.0,0.5700000000000001,FCC_A1,1
1425.0,0.58,FCC_A1,1
1425.0,0.59,FCC_A1,1
1425.0,0.6,FCC_A1,1
1425.0,0.61,FCC_A1,1
1425.0,0.62,FCC_A1,1
1425.0,0.63,FCC_A1,1
1425.0,0.64,FCC_A1,1
1425.0,0.65,FCC_A1,1
1425.0,0.66,FCC_A1,1
1425.0,0.67,FCC_A1,1
1425.0,0.68,FCC_A1,1
1425.0,0.6900000000000001,FCC_A1,1
1425.0,0.7000000000000001,FCC_A1,1
1425.0,0.71,FCC_A1,1
1425.0,0.72,FCC_A1,1
1425.0,0.73,FCC_A1,1
1425.0,0.74,FCC_A1,1
1425.0,0.75,FCC_A1,1
1425.0,0.76,FCC_A1,1
1425.0,0.77,FCC_A1,1
1425.0,0.78,FCC_A1,1
1425.0,0.79,FCC_A1,1
1425.0,0.8,FCC_A1,1
1425.0,0.81,FCC_A1,1
1425.0,0.8200000000000001,FCC_A1,1
1425.0,0.8300000000000001,FCC_A1,1
1425.0,0.84,FCC_A1,1
1425.0,0.85,FCC_A1,1
1425.0,0.86,FCC_A1,1
1425.0,0.87,FCC_A1,1
1425.0,0.88,FCC_A1,1
1425.0,0.89,FCC_A1,1
1425.0,0.9,FCC_A1,1
1425.0,0.91,FCC_A1,1
1425.0,0.92,FCC_A1,1
1425.0,0.93,FCC_A1,1
1425.0,0.94,FCC_A1,1
1425.0,0.95,FCC_A1,1
1425.0,0.96,FCC_A1,1
1425.0,0.97,FCC_A1,1
1425.0,0.98,FCC_A1,1
1425.0,0.99,FCC_A1,1
1425.0,1.0,FCC_A1,1
1450.0,0.0,FCC_A1,1
1450.0,0.01,FCC_A1,1
1450.0,0.02,FCC_A1,1
1450.0,0.03,FCC_A1,1
1450.0,0.04,FCC_A1,1
1450.0,0.05,FCC_A1,1
1450.0,0.06,FCC_A1,1
1450.0,0.07,FCC_A1,1
1450.0,0.08,FCC_A1,1
1450.0,0.09,FCC_A1,1
1450.0,0.1,FCC_A1,1
1450.0,0.11,FCC_A1,1
1450.0,0.12,FCC_A1,1
1450.0,0.13,FCC_A1,1
1450.0,0.14,FCC_A1,1
1450.0,0.15,FCC_A1,1
1450.0,0.16,FCC_A1,1
1450.0,0.17,FCC_A1,1
1450.0,0.18,FCC_A1,1
1450.0,0.19,FCC_A1,1
1450.0,0.2,FCC_A1,1
1450.0,0.21,FCC_A1,1
1450.0,0.22,FCC_A1,1
1450.0,0.23,FCC_A1,1
1450.0,0.24,FCC_A1,1
1450.0,0.25,FCC_A1,1
1450.0,0.26,FCC_A1,1
1450.0,0.27,FCC_A1,1
1450.0,0.28,FCC_A1,1
1450.0,0.29,FCC_A1,1
1450.0,0.3,FCC_A1,1
1450.0,0.31,FCC_A1,1
1450.0,0.32,FCC_A1,1
1450.0,0.33,FCC_A1,1
1450.0,0.34,FCC_A1,1
1450.0,0.35,FCC_A1,1
1450.0,0.36,FCC_A1,1
1450.0,0.37,FCC_A1,1
1450.0,0.38,FCC_A1,1
1450.0,0.39,FCC_A1,1
1450.0,0.4,FCC_A1,1
1450.0,0.41,FCC_A1,1
1450.0,0.42,FCC_A1,1
1450.0,0.43,FCC_A1,1
1450.0,0.44,FCC_A1,1
1450.0,0.45,FCC_A1,1
1450.0,0.46,FCC_A1,1
1450.0,0.47,FCC_A1,1
1450.0,0.48,FCC_A1,1
1450.0,0.49,FCC_A1,1
1450.0,0.5,FCC_A1,1
1450.0,0.51,FCC_A1,1
1450.0,0.52,FCC_A1,1
1450.0,0.53,FCC_A1,1
1450.0,0.54,FCC_A1,1
1450.0,0.55,FCC_A1,1
1450.0,0.56,FCC_A1,1
1450.0,0.5700000000000001,FCC_A1,1
1450.0,0.58,FCC_A1,1
1450.0,0.59,FCC_A1,1
1450.0,0.6,FCC_A1,1
1450.0,0.61,FCC_A1,1
1450.0,0.62,FCC_A1,1
1450.0,0.63,FCC_A1,1
1450.0,0.64,FCC_A1,1
1450.0,0.65,FCC_A1,1
1450.0,0.66,FCC_A1,1
1450.0,0.67,FCC_A1,1
1450.0,0.68,FCC_A1,1
1450.0,0.6900000000000001,FCC_A1,1
1450.0,0.7000000000000001,FCC_A1,1
1450.0,0.71,FCC_A1,1
1450.0,0.72,FCC_A1,1
1450.0,0.73,FCC_A1,1
1450.0,0.74,FCC_A1,1
1450.0,0.75,FCC_A1,1
1450.0,0.76,FCC_A1,1
1450.0,0.77,FCC_A1,1
1450.0,0.78,FCC_A1,1
1450.0,0.79,FCC_A1,1
1450.0,0.8,FCC_A1,1
1450.0,0.81,FCC_A1,1
1450.0,0.8200000000000001,FCC_A1,1
1450.0,0.8300000000000001,FCC_A1,1
1450.0,0.84,FCC_A1,1
1450.0,0.85,FCC_A1,1
1450.0,0.86,FCC_A1,1
1450.0,0.87,FCC_A1,1
1450.0,0.88,FCC_A1,1
1450.0,0.89,FCC_A1,1
1450.0,0.9,FCC_A1,1
1450.0,0.91,FCC_A1,1
1450.0,0.92,FCC_A1,1
1450.0,0.93,FCC_A1,1
1450.0,0.94,FCC_A1,1
1450.0,0.95,FCC_A1,1
1450.0,0.96,FCC_A1,1
1450.0,0.97,FCC_A1,1
1450.0,0.98,FCC_A1,1
1450.0,0.99,FCC_A1,1
1450.0,1.0,FCC_A1,1
1475.0,0.0,FCC_A1,1
1475.0,0.01,FCC_A1,1
1475.0,0.02,FCC_A1,1
1475.0,0.03,FCC_A1,1
1475.0,0.04,FCC_A1,1
1475.0,0.05,FCC_A1,1
1475.0,0.06,FCC_A1,1
1475.0,0.07,FCC_A1,1
1475.0,0.08,FCC_A1,1
1475.0,0.09,FCC_A1,1
1475.0,0.1,FCC_A1,1
1475.0,0.11,FCC_A1,1
1475.0,0.12,FCC_A1,1
1475.0,0.13,FCC_A1,1
1475.0,0.14,FCC_A1,1
1475.0,0.15,FCC_A1,1
1475.0,0.16,FCC_A1,1
1475.0,0.17,FCC_A1,1
1475.0,0.18,FCC_A1,1
1475.0,0.19,FCC_A1,1
1475.0,0.2,FCC_A1,1
1475.0,0.21,FCC_A1,1
1475.0,0.22,FCC_A1,1
1475.0,0.23,FCC_A1,1
1475.0,0.24,FCC_A1,1
1475.0,0.25,FCC_A1,1
1475.0,0.26,FCC_A1,1
1475.0,0.27,FCC_A1,1
1475.0,0.28,FCC_A1,1
1475.0,0.29,FCC_A1,1
1475.0,0.3,FCC_A1,1
1475.0,0.31,FCC_A1,1
1475.0,0.32,FCC_A1,1
1475.0,0.33,FCC_A1,1
1475.0,0.34,FCC_A1,1
1475.0,0.35,FCC_A1,1
1475.0,0.36,FCC_A1,1
1475.0,0.37,FCC_A1,1
1475.0,0.38,FCC_A1,1
1475.0,0.39,FCC_A1,1
1475.0,0.4,FCC_A1,1
1475.0,0.41,FCC_A1,1
1475.0,0.42,FCC_A1,1
1475.0,0.43,FCC_A1,1
1475.0,0.44,FCC_A1,1
1475.0,0.45,FCC_A1,1
1475.0,0.46,FCC_A1,1
1475.0,0.47,FCC_A1,1
1475.0,0.48,FCC_A1,1
1475.0,0.49,FCC_A1,1
1475.0,0.5,FCC_A1,1
1475.0,0.51,FCC_A1,1
1475.0,0.52,FCC_A1,1
1475.0,0.53,FCC_A1,1
1475.0,0.54,FCC_A1,1
1475.0,0.55,FCC_A1,1
1475.0,0.56,FCC_A1,1
1475.0,0.5700000000000001,FCC_A1,1
1475.0,0.58,FCC_A1,1
1475.0,0.59,FCC_A1,1
1475.0,0.6,FCC_A1,1
1475.0,0.61,FCC_A1,1
1475.0,0.62,FCC_A1,1
1475.0,0.63,FCC_A1,1
1475.0,0.64,FCC_A1,1
1475.0,0.65,FCC_A1,1
1475.0,0.66,FCC_A1,1
1475.0,0.67,FCC_A1,1
1475.0,0.68,FCC_A1,1
1475.0,0.6900000000000001,FCC_A1,1
1475.0,0.7000000000000001,FCC_A1,1
1475.0,0.71,FCC_A1,1
1475.0,0.72,FCC_A1,1
1475.0,0.73,FCC_A1,1
1475.0,0.74,FCC_A1,1
1475.0,0.75,FCC_A1,1
1475.0,0.76,FCC_A1,1
1475.0,0.77,FCC_A1,1
1475.0,0.78,FCC_A1,1
1475.0,0.79,FCC_A1,1
1475.0,0.8,FCC_A1,1
1475.0,0.81,FCC_A1,1
1475.0,0.8200000000000001,FCC_A1,1
1475.0,0.8300000000000001,FCC_A1,1
1475.0,0.84,FCC_A1,1
1475.0,0.85,FCC_A1,1
1475.0,0.86,FCC_A1,1
1475.0,0.87,FCC_A1,1
1475.0,0.88,FCC_A1,1
1475.0,0.89,FCC_A1,1
1475.0,0.9,FCC_A1,1
1475.0,0.91,FCC_A1,1
1475.0,0.92,FCC_A1,1
1475.0,0.93,FCC_A1,1
1475.0,0.94,FCC_A1,1
1475.0,0.95,FCC_A1,1
1475.0,0.96,FCC_A1,1
1475.0,0.97,FCC_A1,1
1475.0,0.98,FCC_A1,1
1475.0,0.99,FCC_A1,1
1475.0,1.0,FCC_A1,1
1500.0,0.0,FCC_A1,1
1500.0,0.01,FCC_A1,1
1500.0,0.02,FCC_A1,1
1500.0,0.03,FCC_A1,1
1500.0,0.04,FCC_A1,1
1500.0,0.05,FCC_A1,1
1500.0,0.06,FCC_A1,1
1500.0,0.07,FCC_A1,1
1500.0,0.08,FCC_A1,1
1500.0,0.09,FCC_A1,1
1500.0,0.1,FCC_A1,1
1500.0,0.11,FCC_A1,1
1500.0,0.12,FCC_A1,1
1500.0,0.13,FCC_A1,1
1500.0,0.14,FCC_A1,1
1500.0,0.15,FCC_A1,1
1500.0,0.16,FCC_A1,1
1500.0,0.17,FCC_A1,1
1500.0,0.18,FCC_A1,1
1500.0,0.19,FCC_A1,1
1500.0,0.2,FCC_A1,1
1500.0,0.21,FCC_A1,1
1500.0,0.22,FCC_A1,1
1500.0,0.23,FCC_A1,1
1500.0,0.24,FCC_A1,1
1500.0,0.25,FCC_A1,1
1500.0,0.26,FCC_A1,1
1500.0,0.27,FCC_A1,1
1500.0,0.28,FCC_A1,1
1500.0,0.29,FCC_A1,1
1500.0,0.3,FCC_A1,1
1500.0,0.31,FCC_A1,1
1500.0,0.32,FCC_A1,1
1500.0,0.33,FCC_A1,1
1500.0,0.34,FCC_A1,1
1500.0,0.35,FCC_A1,1
1500.0,0.36,FCC_A1,1
1500.0,0.37,FCC_A1,1
1500.0,0.38,FCC_A1,1
1500.0,0.39,FCC_A1,1
1500.0,0.4,FCC_A1,1
1500.0,0.41,FCC_A1,1
1500.0,0.42,FCC_A1,1
1500.0,0.43,FCC_A1,1
1500.0,0.44,FCC_A1,1
1500.0,0.45,FCC_A1,1
1500.0,0.46,FCC_A1,1
1500.0,0.47,FCC_A1,1
1500.0,0.48,FCC_A1,1
1500.0,0.49,FCC_A1,1
1500.0,0.5,FCC_A1,1
1500.0,0.51,FCC_A1,1
1500.0,0.52,FCC_A1,1
1500.0,0.53,FCC_A1,1
1500.0,0.54,FCC_A1,1
1500.0,0.55,FCC_A1,1
1500.0,0.56,FCC_A1,1
1500.0,0.5700000000000001,FCC_A1,1
1500.0,0.58,FCC_A1,1
1500.0,0.59,FCC_A1,1
1500.0,0.6,FCC_A1,1
1500.0,0.61,FCC_A1,1
1500.0,0.62,FCC_A1,1
1500.0,0.63,FCC_A1,1
1500.0,0.64,FCC_A1,1
1500.0,0.65,FCC_A1,1
1500.0,0.66,FCC_A1,1
1500.0,0.67,FCC_A1,1
1500.0,0.68,FCC_A1,1
1500.0,0.6900000000000001,FCC_A1,1
1500.0,0.7000000000000001,FCC_A1,1
1500.0,0.71,FCC_A1,1
1500.0,0.72,FCC_A1,1
1500.0,0.73,FCC_A1,1
1500.0,0.74,FCC_A1,1
1500.0,0.75,FCC_A1,1
1500.0,0.76,FCC_A1,1
1500.0,0.77,FCC_A1,1
1500.0,0.78,FCC_A1,1
1500.0,0.79,FCC_A1,1
1500.0,0.8,FCC_A1,1
1500.0,0.81,FCC_A1,1
1500.0,0.8200000000000001,FCC_A1,1
1500.0,0.8300000000000001,FCC_A1,1
1500.0,0.84,FCC_A1,1
1500.0,0.85,FCC_A1,1
1500.0,0.86,FCC_A1,1
1500.0,0.87,FCC_A1,1
1500.0,0.88,FCC_A1,1
1500.0,0.89,FCC_A1,1
1500.0,0.9,FCC_A1,1
1500.0,0.91,FCC_A1,1
1500.0,0.92,FCC_A1,1
1500.0,0.93,FCC_A1,1
1500.0,0.94,FCC_A1,1
1500.0,0.95,FCC_A1,1
1500.0,0.96,FCC_A1,1
1500.0,0.97,FCC_A1,1
1500.0,0.98,FCC_A1,1
1500.0,0.99,FCC_A1,1
1500.0,1.0,FCC_A1,1
1525.0,0.0,FCC_A1,1
1525.0,0.01,FCC_A1,1
1525.0,0.02,FCC_A1,1
1525.0,0.03,FCC_A1,1
1525.0,0.04,FCC_A1,1
1525.0,0.05,FCC_A1,1
1525.0,0.06,FCC_A1,1
1525.0,0.07,FCC_A1,1
1525.0,0.08,FCC_A1,1
1525.0,0.09,FCC_A1,1
1525.0,0.1,FCC_A1,1
1525.0,0.11,FCC_A1,1
1525.0,0.12,FCC_A1,1
1525.0,0.13,FCC_A1,1
1525.0,0.14,FCC_A1,1
1525.0,0.15,FCC_A1,1
1525.0,0.16,FCC_A1,1
1525.0,0.17,FCC_A1,1
1525.0,0.18,FCC_A1,1
1525.0,0.19,FCC_A1,1
1525.0,0.2,FCC_A1,1
1525.0,0.21,FCC_A1,1
1525.0,0.22,FCC_A1,1
1525.0,0.23,FCC_A1,1
1525.0,0.24,FCC_A1,1
1525.0,0.25,FCC_A1,1
1525.0,0.26,FCC_A1,1
1525.0,0.27,FCC_A1,1
1525.0,0.28,FCC_A1,1
1525.0,0.29,FCC_A1,1
1525.0,0.3,FCC_A1,1
1525.0,0.31,FCC_A1,1
1525.0,0.32,FCC_A1,1
1525.0,0.33,FCC_A1,1
1525.0,0.34,FCC_A1,1
1525.0,0.35,FCC_A1,1
1525.0,0.36,FCC_A1,1
1525.0,0.37,FCC_A1,1
1525.0,0.38,FCC_A1,1
1525.0,0.39,FCC_A1,1
1525.0,0.4,FCC_A1,1
1525.0,0.41,FCC_A1,1
1525.0,0.42,FCC_A1,1
1525.0,0.43,FCC_A1,1
1525.0,0.44,FCC_A1,1
1525.0,0.45,FCC_A1,1
1525.0,0.46,FCC_A1,1
1525.0,0.47,FCC_A1,1
1525.0,0.48,FCC_A1,1
1525.0,0.49,FCC_A1,1
1525.0,0.5,FCC_A1,1
1525.0,0.51,FCC_A1,1
1525.0,0.52,FCC_A1,1
1525.0,0.53,FCC_A1,1
1525.0,0.54,FCC_A1,1
1525.0,0.55,FCC_A1,1
1525.0,0.56,FCC_A1,1
1525.0,0.5700000000000001,FCC_A1,1
1525.0,0.58,FCC_A1,1
1525.0,0.59,FCC_A1,1
1525.0,0.6,FCC_A1,1
1525.0,0.61,FCC_A1,1
1525.0,0.62,FCC_A1,1
1525.0,0.63,FCC_A1,1
1525.0,0.64,FCC_A1,1
1525.0,0.65,FCC_A1,1
1525.0,0.66,FCC_A1,1
1525.0,0.67,FCC_A1,1
1525.0,0.68,FCC_A1,1
1525.0,0.6900000000000001,FCC_A1,1
1525.0,0.7000000000000001,FCC_A1,1
1525.0,0.71,FCC_A1,1
1525.0,0.72,FCC_A1,1
1525.0,0.73,FCC_A1,1
1525.0,0.74,FCC_A1,1
1525.0,0.75,FCC_A1,1
1525.0,0.76,FCC_A1,1
1525.0,0.77,FCC_A1,1
1525.0,0.78,FCC_A1,1
1525.0,0.79,FCC_A1,1
1525.0,0.8,FCC_A1,1
1525.0,0.81,FCC_A1,1
1525.0,0.8200000000000001,FCC_A1,1
1525.0,0.8300000000000001,FCC_A1,1
1525.0,0.84,FCC_A1,1
1525.0,0.85,FCC_A1,1
1525.0,0.86,FCC_A1,1
1525.0,0.87,FCC_A1,1
1525.0,0.88,FCC_A1,1
1525.0,0.89,FCC_A1,1
1525.0,0.9,FCC_A1,1
1525.0,0.91,FCC_A1,1
1525.0,0.92,FCC_A1,1
1525.0,0.93,FCC_A1,1
1525.0,0.94,FCC_A1,1
1525.0,0.95,FCC_A1,1
1525.0,0.96,FCC_A1,1
1525.0,0.97,FCC_A1,1
1525.0,0.98,FCC_A1,1
1525.0,0.99,FCC_A1,1
1525.0,1.0,FCC_A1,1
1550.0,0.0,FCC_A1,1
1550.0,0.01,FCC_A1,1
1550.0,0.02,FCC_A1,1
1550.0,0.03,FCC_A1,1
1550.0,0.04,FCC_A1,1
1550.0,0.05,FCC_A1,1
1550.0,0.06,FCC_A1,1
1550.0,0.07,FCC_A1,1
1550.0,0.08,FCC_A1,1
1550.0,0.09,FCC_A1,1
1550.0,0.1,FCC_A1,1
1550.0,0.11,FCC_A1,1
1550.0,0.12,FCC_A1,1
1550.0,0.13,FCC_A1,1
1550.0,0.14,FCC_A1,1
1550.0,0.15,FCC_A1,1
1550.0,0.16,FCC_A1,1
1550.0,0.17,FCC_A1,1
1550.0,0.18,FCC_A1,1
1550.0,0.19,FCC_A1,1
1550.0,0.2,FCC_A1,1
1550.0,0.21,FCC_A1,1
1550.0,0.22,FCC_A1,1
1550.0,0.23,FCC_A1,1
1550.0,0.24,FCC_A1,1
1550.0,0.25,FCC_A1,1
1550.0,0.26,FCC_A1,1
1550.0,0.27,FCC_A1,1
1550.0,0.28,FCC_A1,1
1550.0,0.29,FCC_A1,1
1550.0,0.3,FCC_A1,1
1550.0,0.31,FCC_A1,1
1550.0,0.32,FCC_A1,1
1550.0,0.33,FCC_A1,1
1550.0,0.34,FCC_A1,1
1550.0,0.35,FCC_A1,1
1550.0,0.36,FCC_A1,1
1550.0,0.37,FCC_A1,1
1550.0,0.38,FCC_A1,1
1550.0,0.39,FCC_A1,1
1550.0,0.4,FCC_A1,1
1550.0,0.41,FCC_A1,1
1550.0,0.42,FCC_A1,1
1550.0,0.43,FCC_A1,1
1550.0,0.44,FCC_A1,1
1550.0,0.45,FCC_A1,1
1550.0,0.46,FCC_A1,1
1550.0,0.47,FCC_A1,1
1550.0,0.48,FCC_A1,1
1550.0,0.49,FCC_A1,1
1550.0,0.5,FCC_A1,1
1550.0,0.51,FCC_A1,1
1550.0,0.52,FCC_A1,1
1550.0,0.53,FCC_A1,1
1550.0,0.54,FCC_A1,1
1550.0,0.55,FCC_A1,1
1550.0,0.56,FCC_A1,1
1550.0,0.5700000000000001,FCC_A1,1
1550.0,0.58,FCC_A1,1
1550.0,0.59,FCC_A1,1
1550.0,0.6,FCC_A1,1
1550.0,0.61,FCC_A1,1
1550.0,0.62,FCC_A1,1
1550.0,0.63,FCC_A1,1
1550.0,0.64,FCC_A1,1
1550.0,0.65,FCC_A1,1
1550.0,0.66,FCC_A1,1
1550.0,0.67,FCC_A1,1
1550.0,0.68,FCC_A1,1
1550.0,0.6900000000000001,FCC_A1,1
1550.0,0.7000000000000001,FCC_A1,1
1550.0,0.71,FCC_A1,1
1550.0,0.72,FCC_A1,1
1550.0,0.73,FCC_A1,1
1550.0,0.74,FCC_A1,1
1550.0,0.75,FCC_A1,1
1550.0,0.76,FCC_A1,1
1550.0,0.77,FCC_A1,1
1550.0,0.78,FCC_A1,1
1550.0,0.79,FCC_A1,1
1550.0,0.8,FCC_A1,1
1550.0,0.81,FCC_A1,1
1550.0,0.8200000000000001,FCC_A1,1
1550.0,0.8300000000000001,FCC_A1,1
1550.0,0.84,FCC_A1,1
1550.0,0.85,FCC_A1,1
1550.0,0.86,FCC_A1,1
1550.0,0.87,FCC_A1,1
1550.0,0.88,FCC_A1,1
1550.0,0.89,FCC_A1,1
1550.0,0.9,FCC_A1,1
1550.0,0.91,FCC_A1,1
1550.0,0.92,FCC_A1,1
1550.0,0.93,FCC_A1,1
1550.0,0.94,FCC_A1,1
1550.0,0.95,FCC_A1,1
1550.0,0.96,FCC_A1,1
1550.0,0.97,FCC_A1,1
1550.0,0.98,FCC_A1,1
1550.0,0.99,FCC_A1,1
1550.0,1.0,FCC_A1,1
1575.0,0.0,FCC_A1,1
1575.0,0.01,FCC_A1,1
1575.0,0.02,FCC_A1,1
1575.0,0.03,FCC_A1,1
1575.0,0.04,FCC_A1,1
1575.0,0.05,FCC_A1,1
1575.0,0.06,FCC_A1,1
1575.0,0.07,FCC_A1,1
1575.0,0.08,FCC_A1,1
1575.0,0.09,FCC_A1,1
1575.0,0.1,FCC_A1,1
1575.0,0.11,FCC_A1,1
1575.0,0.12,FCC_A1,1
1575.0,0.13,FCC_A1,1
1575.0,0.14,FCC_A1,1
1575.0,0.15,FCC_A1,1
1575.0,0.16,FCC_A1,1
1575.0,0.17,FCC_A1,1
1575.0,0.18,FCC_A1,1
1575.0,0.19,FCC_A1,1
1575.0,0.2,FCC_A1,1
1575.0,0.21,FCC_A1,1
1575.0,0.22,FCC_A1,1
1575.0,0.23,FCC_A1,1
1575.0,0.24,FCC_A1,1
1575.0,0.25,FCC_A1,1
1575.0,0.26,FCC_A1,1
1575.0,0.27,FCC_A1,1
1575.0,0.28,FCC_A1,1
1575.0,0.29,FCC_A1,1
1575.0,0.3,FCC_A1,1
1575.0,0.31,FCC_A1,1
1575.0,0.32,FCC_A1,1
1575.0,0.33,FCC_A1,1
1575.0,0.34,FCC_A1,1
1575.0,0.35,FCC_A1,1
1575.0,0.36,FCC_A1,1
1575.0,0.37,FCC_A1,1
1575.0,0.38,FCC_A1,1
1575.0,0.39,FCC_A1,1
1575.0,0.4,FCC_A1,1
1575.0,0.41,FCC_A1,1
1575.0,0.42,FCC_A1,1
1575.0,0.43,FCC_A1,1
1575.0,0.44,FCC_A1,1
1575.0,0.45,FCC_A1,1
1575.0,0.46,FCC_A1,1
1575.0,0.47,FCC_A1,1
1575.0,0.48,FCC_A1,1
1575.0,0.49,FCC_A1,1
1575.0,0.5,FCC_A1,1
1575.0,0.51,FCC_A1,1
1575.0,0.52,FCC_A1,1
1575.0,0.53,FCC_A1,1
1575.0,0.54,FCC_A1,1
1575.0,0.55,FCC_A1,1
1575.0,0.56,FCC_A1,1
1575.0,0.5700000000000001,FCC_A1,1
1575.0,0.58,FCC_A1,1
1575.0,0.59,FCC_A1,1
1575.0,0.6,FCC_A1,1
1575.0,0.61,FCC_A1,1
1575.0,0.62,FCC_A1,1
1575.0,0.63,FCC_A1,1
1575.0,0.64,FCC_A1,1
1575.0,0.65,FCC_A1,1
1575.0,0.66,FCC_A1,1
1575.0,0.67,FCC_A1,1
1575.0,0.68,FCC_A1,1
1575.0,0.6900000000000001,FCC_A1,1
1575.0,0.7000000000000001,FCC_A1,1
1575.0,0.71,FCC_A1,1
1575.0,0.72,FCC_A1,1
1575.0,0.73,FCC_A1,1
1575.0,0.74,FCC_A1,1
1575.0,0.75,FCC_A1,1
1575.0,0.76,FCC_A1,1
1575.0,0.77,FCC_A1,1
1575.0,0.78,FCC_A1,1
1575.0,0.79,FCC_A1,1
1575.0,0.8,FCC_A1,1
1575.0,0.81,FCC_A1,1
1575.0,0.8200000000000001,FCC_A1,1
1575.0,0.8300000000000001,FCC_A1,1
1575.0,0.84,FCC_A1,1
1575.0,0.85,FCC_A1,1
1575.0,0.86,FCC_A1,1
1575.0,0.87,FCC_A1,1
1575.0,0.88,FCC_A1,1
1575.0,0.89,FCC_A1,1
1575.0,0.9,FCC_A1,1
1575.0,0.91,FCC_A1,1
1575.0,0.92,FCC_A1,1
1575.0,0.93,FCC_A1,1
1575.0,0.94,FCC_A1,1
1575.0,0.95,FCC_A1,1
1575.0,0.96,FCC_A1,1
1575.0,0.97,FCC_A1,1
1575.0,0.98,FCC_A1,1
1575.0,0.99,FCC_A1,1
1575.0,1.0,FCC_A1,1
1600.0,0.0,FCC_A1,1
1600.0,0.01,FCC_A1,1
1600.0,0.02,FCC_A1,1
1600.0,0.03,FCC_A1,1
1600.0,0.04,FCC_A1,1
1600.0,0.05,FCC_A1,1
1600.0,0.06,FCC_A1,1
1600.0,0.07,FCC_A1,1
1600.0,0.08,FCC_A1,1
1600.0,0.09,FCC_A1,1
1600.0,0.1,FCC_A1,1
1600.0,0.11,FCC_A1,1
1600.0,0.12,FCC_A1,1
1600.0,0.13,FCC_A1,1
1600.0,0.14,FCC_A1,1
1600.0,0.15,FCC_A1,1
1600.0,0.16,FCC_A1,1
1600.0,0.17,FCC_A1,1
1600.0,0.18,FCC_A1,1
1600.0,0.19,FCC_A1,1
1600.0,0.2,FCC_A1,1
1600.0,0.21,FCC_A1,1
1600.0,0.22,FCC_A1,1
1600.0,0.23,FCC_A1,1
1600.0,0.24,FCC_A1,1
1600.0,0.25,FCC_A1,1
1600.0,0.26,FCC_A1,1
1600.0,0.27,FCC_A1,1
1600.0,0.28,FCC_A1,1
1600.0,0.29,FCC_A1,1
1600.0,0.3,FCC_A1,1
1600.0,0.31,FCC_A1,1
1600.0,0.32,FCC_A1,1
1600.0,0.33,FCC_A1,1
1600.0,0.34,FCC_A1,1
1600.0,0.35,FCC_A1,1
1600.0,0.36,FCC_A1,1
1600.0,0.37,FCC_A1,1
1600.0,0.38,FCC_A1,1
1600.0,0.39,FCC_A1,1
1600.0,0.4,FCC_A1,1
1600.0,0.41,FCC_A1,1
1600.0,0.42,FCC_A1,1
1600.0,0.43,FCC_A1,1
1600.0,0.44,FCC_A1,1
1600.0,0.45,FCC_A1,1
1600.0,0.46,FCC_A1,1
1600.0,0.47,FCC_A1,1
1600.0,0.48,FCC_A1,1
1600.0,0.49,FCC_A1,1
1600.0,0.5,FCC_A1,1
1600.0,0.51,FCC_A1,1
1600.0,0.52,FCC_A1,1
1600.0,0.53,FCC_A1,1
1600.0,0.54,FCC_A1,1
1600.0,0.55,FCC_A1,1
1600.0,0.56,FCC_A1,1
1600.0,0.5700000000000001,FCC_A1,1
1600.0,0.58,FCC_A1,1
1600.0,0.59,FCC_A1,1
1600.0,0.6,FCC_A1,1
1600.0,0.61,FCC_A1,1
1600.0,0.62,FCC_A1,1
1600.0,0.63,FCC_A1,1
1600.0,0.64,FCC_A1,1
1600.0,0.65,FCC_A1,1
1600.0,0.66,FCC_A1,1
1600.0,0.67,FCC_A1,1
1600.0,0.68,FCC_A1,1
1600.0,0.6900000000000001,FCC_A1,1
1600.0,0.7000000000000001,FCC_A1,1
1600.0,0.71,FCC_A1,1
1600.0,0.72,FCC_A1,1
1600.0,0.73,FCC_A1,1
1600.0,0.74,FCC_A1,1
1600.0,0.75,FCC_A1,1
1600.0,0.76,FCC_A1,1
1600.0,0.77,FCC_A1,1
1600.0,0.78,FCC_A1,1
1600.0,0.79,FCC_A1,1
1600.0,0.8,FCC_A1,1
1600.0,0.81,FCC_A1,1
1600.0,0.8200000000000001,FCC_A1,1
1600.0,0.8300000000000001,FCC_A1,1
1600.0,0.84,FCC_A1,1
1600.0,0.85,FCC_A1,1
1600.0,0.86,FCC_A1,1
1600.0,0.87,FCC_A1,1
1600.0,0.88,FCC_A1,1
1600.0,0.89,FCC_A1,1
1600.0,0.9,FCC_A1,1
1600.0,0.91,FCC_A1,1
1600.0,0.92,FCC_A1,1
1600.0,0.93,FCC_A1,1
1600.0,0.94,FCC_A1,1
1600.0,0.95,FCC_A1,1
1600.0,0.96,FCC_A1,1
1600.0,0.97,FCC_A1,1
1600.0,0.98,FCC_A1,1
1600.0,0.99,FCC_A1,1
1600.0,1.0,FCC_A1,1
1625.0,0.0,FCC_A1,1
1625.0,0.01,FCC_A1,1
1625.0,0.02,FCC_A1,1
1625.0,0.03,FCC_A1,1
1625.0,0.04,FCC_A1,1
1625.0,0.05,FCC_A1,1
1625.0,0.06,FCC_A1,1
1625.0,0.07,FCC_A1,1
1625.0,0.08,FCC_A1,1
1625.0,0.09,FCC_A1,1
1625.0,0.1,FCC_A1,1
1625.0,0.11,FCC_A1,1
1625.0,0.12,FCC_A1,1
1625.0,0.13,FCC_A1,1
1625.0,0.14,FCC_A1,1
1625.0,0.15,FCC_A1,1
1625.0,0.16,FCC_A1,1
1625.0,0.17,FCC_A1,1
1625.0,0.18,FCC_A1,1
1625.0,0.19,FCC_A1,1
1625.0,0.2,FCC_A1,1
1625.0,0.21,FCC_A1,1
1625.0,0.22,FCC_A1,1
1625.0,0.23,FCC_A1,1
1625.0,0.24,FCC_A1,1
1625.0,0.25,FCC_A1,1
1625.0,0.26,FCC_A1,1
1625.0,0.27,FCC_A1,1
1625.0,0.28,FCC_A1,1
1625.0,0.29,FCC_A1,1
1625.0,0.3,FCC_A1,1
1625.0,0.31,FCC_A1,1
1625.0,0.32,FCC_A1,1
1625.0,0.33,FCC_A1,1
1625.0,0.34,FCC_A1,1
1625.0,0.35,FCC_A1,1
1625.0,0.36,FCC_A1,1
1625.0,0.37,FCC_A1,1
1625.0,0.38,FCC_A1,1
1625.0,0.39,FCC_A1,1
1625.0,0.4,FCC_A1,1
1625.0,0.41,FCC_A1,1
1625.0,0.42,FCC_A1,1
1625.0,0.43,FCC_A1,1
1625.0,0.44,FCC_A1,1
1625.0,0.45,FCC_A1,1
1625.0,0.46,FCC_A1,1
1625.0,0.47,FCC_A1,1
1625.0,0.48,FCC_A1,1
1625.0,0.49,FCC_A1,1
1625.0,0.5,FCC_A1,1
1625.0,0.51,FCC_A1,1
1625.0,0.52,FCC_A1,1
1625.0,0.53,FCC_A1,1
1625.0,0.54,FCC_A1,1
1625.0,0.55,FCC_A1,1
1625.0,0.56,FCC_A1,1
1625.0,0.5700000000000001,FCC_A1,1
1625.0,0.58,FCC_A1,1
1625.0,0.59,FCC_A1,1
1625.0,0.6,FCC_A1,1
1625.0,0.61,FCC_A1,1
1625.0,0.62,FCC_A1,1
1625.0,0.63,FCC_A1,1
1625.0,0.64,FCC_A1,1
1625.0,0.65,FCC_A1,1
1625.0,0.66,FCC_A1,1
1625.0,0.67,FCC_A1,1
1625.0,0.68,FCC_A1,1
1625.0,0.6900000000000001,FCC_A1,1
1625.0,0.7000000000000001,FCC_A1,1
1625.0,0.71,FCC_A1,1
1625.0,0.72,FCC_A1,1
1625.0,0.73,FCC_A1,1
1625.0,0.74,FCC_A1,1
1625.0,0.75,FCC_A1,1
1625.0,0.76,FCC_A1,1
1625.0,0.77,FCC_A1,1
1625.0,0.78,FCC_A1,1
1625.0,0.79,FCC_A1,1
1625.0,0.8,FCC_A1,1
1625.0,0.81,FCC_A1,1
1625.0,0.8200000000000001,FCC_A1,1
1625.0,0.8300000000000001,FCC_A1,1
1625.0,0.84,FCC_A1,1
1625.0,0.85,FCC_A1,1
1625.0,0.86,FCC_A1,1
1625.0,0.87,FCC_A1,1
1625.0,0.88,FCC_A1,1
1625.0,0.89,FCC_A1,1
1625.0,0.9,FCC_A1,1
1625.0,0.91,FCC_A1,1
1625.0,0.92,FCC_A1,1
1625.0,0.93,FCC_A1,1
1625.0,0.94,FCC_A1,1
1625.0,0.95,FCC_A1,1
1625.0,0.96,FCC_A1,1
1625.0,0.97,FCC_A1,1
1625.0,0.98,FCC_A1,1
1625.0,0.99,FCC_A1,1
1625.0,1.0,FCC_A1,1
1650.0,0.0,FCC_A1,1
1650.0,0.01,FCC_A1,1
1650.0,0.02,FCC_A1,1
1650.0,0.03,FCC_A1,1
1650.0,0.04,FCC_A1,1
1650.0,0.05,FCC_A1,1
1650.0,0.06,FCC_A1,1
1650.0,0.07,FCC_A1,1
1650.0,0.08,FCC_A1,1
1650.0,0.09,FCC_A1,1
1650.0,0.1,FCC_A1,1
1650.0,0.11,FCC_A1,1
1650.0,0.12,FCC_A1,1
1650.0,0.13,FCC_A1,1
1650.0,0.14,FCC_A1,1
1650.0,0.15,FCC_A1,1
1650.0,0.16,FCC_A1,1
1650.0,0.17,FCC_A1,1
1650.0,0.18,FCC_A1,1
1650.0,0.19,FCC_A1,1
1650.0,0.2,FCC_A1,1
1650.0,0.21,FCC_A1,1
1650.0,0.22,FCC_A1,1
1650.0,0.23,FCC_A1,1
1650.0,0.24,FCC_A1,1
1650.0,0.25,FCC_A1,1
1650.0,0.26,FCC_A1,1
1650.0,0.27,FCC_A1,1
1650.0,0.28,FCC_A1,1
1650.0,0.29,FCC_A1,1
1650.0,0.3,FCC_A1,1
1650.0,0.31,FCC_A1,1
1650.0,0.32,FCC_A1,1
1650.0,0.33,FCC_A1,1
1650.0,0.34,FCC_A1,1
1650.0,0.35,FCC_A1,1
1650.0,0.36,FCC_A1,1
1650.0,0.37,FCC_A1,1
1650.0,0.38,FCC_A1,1
1650.0,0.39,FCC_A1,1
1650.0,0.4,FCC_A1,1
1650.0,0.41,FCC_A1,1
1650.0,0.42,FCC_A1,1
1650.0,0.43,FCC_A1,1
1650.0,0.44,FCC_A1,1
1650.0,0.45,FCC_A1,1
1650.0,0.46,FCC_A1,1
1650.0,0.47,FCC_A1,1
1650.0,0.48,FCC_A1,1
1650.0,0.49,FCC_A1,1
1650.0,0.5,FCC_A1,1
1650.0,0.51,FCC_A1,1
1650.0,0.52,FCC_A1,1
1650.0,0.53,FCC_A1,1
1650.0,0.54,FCC_A1,1
1650.0,0.55,FCC_A1,1
1650.0,0.56,FCC_A1,1
1650.0,0.5700000000000001,FCC_A1,1
1650.0,0.58,FCC_A1,1
1650.0,0.59,FCC_A1,1
1650.0,0.6,FCC_A1,1
1650.0,0.61,FCC_A1,1
1650.0,0.62,FCC_A1,1
1650.0,0.63,FCC_A1,1
1650.0,0.64,FCC_A1,1
1650.0,0.65,FCC_A1,1
1650.0,0.66,FCC_A1,1
1650.0,0.67,FCC_A1,1
1650.0,0.68,FCC_A1,1
1650.0,0.6900000000000001,FCC_A1,1
1650.0,0.7000000000000001,FCC_A1,1
1650.0,0.71,FCC_A1,1
1650.0,0.72,FCC_A1,1
1650.0,0.73,FCC_A1,1
1650.0,0.74,FCC_A1,1
1650.0,0.75,FCC_A1,1
1650.0,0.76,FCC_A1,1
1650.0,0.77,FCC_A1,1
1650.0,0.78,FCC_A1,1
1650.0,0.79,FCC_A1,1
1650.0,0.8,FCC_A1,1
1650.0,0.81,FCC_A1,1
1650.0,0.8200000000000001,FCC_A1,1
1650.0,0.8300000000000001,FCC_A1,1
1650.0,0.84,FCC_A1,1
1650.0,0.85,FCC_A1,1
1650.0,0.86,FCC_A1,1
1650.0,0.87,FCC_A1,1
1650.0,0.88,FCC_A1,1
1650.0,0.89,FCC_A1,1
1650.0,0.9,FCC_A1,1
1650.0,0.91,FCC_A1,1
1650.0,0.92,FCC_A1,1
1650.0,0.93,FCC_A1,1
1650.0,0.94,FCC_A1,1
1650.0,0.95,FCC_A1,1
1650.0,0.96,FCC_A1,1
1650.0,0.97,FCC_A1,1
1650.0,0.98,FCC_A1,1
1650.0,0.99,FCC_A1,1
1650.0,1.0,FCC_A1,1
1675.0,0.0,FCC_A1,1
1675.0,0.01,FCC_A1,1
1675.0,0.02,FCC_A1,1
1675.0,0.03,FCC_A1,1
1675.0,0.04,FCC_A1,1
1675.0,0.05,FCC_A1,1
1675.0,0.06,FCC_A1,1
1675.0,0.07,FCC_A1,1
1675.0,0.08,FCC_A1,1
1675.0,0.09,FCC_A1,1
1675.0,0.1,FCC_A1,1
1675.0,0.11,FCC_A1,1
1675.0,0.12,FCC_A1,1
1675.0,0.13,FCC_A1,1
1675.0,0.14,FCC_A1,1
1675.0,0.15,FCC_A1,1
1675.0,0.16,FCC_A1,1
1675.0,0.17,FCC_A1,1
1675.0,0.18,FCC_A1,1
1675.0,0.19,FCC_A1,1
1675.0,0.2,FCC_A1,1
1675.0,0.21,FCC_A1,1
1675.0,0.22,FCC_A1,1
1675.0,0.23,FCC_A1,1
1675.0,0.24,FCC_A1,1
1675.0,0.25,FCC_A1,1
1675.0,0.26,FCC_A1,1
1675.0,0.27,FCC_A1,1
1675.0,0.28,FCC_A1,1
1675.0,0.29,FCC_A1,1
1675.0,0.3,FCC_A1,1
1675.0,0.31,FCC_A1,1
1675.0,0.32,FCC_A1,1
1675.0,0.33,FCC_A1,1
1675.0,0.34,FCC_A1,1
1675.0,0.35,FCC_A1,1
1675.0,0.36,FCC_A1,1
1675.0,0.37,FCC_A1,1
1675.0,0.38,FCC_A1,1
1675.0,0.39,FCC_A1,1
1675.0,0.4,FCC_A1,1
1675.0,0.41,FCC_A1,1
1675.0,0.42,FCC_A1,1
1675.0,0.43,FCC_A1,1
1675.0,0.44,FCC_A1,1
1675.0,0.45,FCC_A1,1
1675.0,0.46,FCC_A1,1
1675.0,0.47,FCC_A1,1
1675.0,0.48,FCC_A1,1
1675.0,0.49,FCC_A1,1
1675.0,0.5,FCC_A1,1
1675.0,0.51,FCC_A1,1
1675.0,0.52,FCC_A1,1
1675.0,0.53,FCC_A1,1
1675.0,0.54,FCC_A1,1
1675.0,0.55,FCC_A1,1
1675.0,0.56,FCC_A1,1
1675.0,0.5700000000000001,FCC_A1,1
1675.0,0.58,FCC_A1,1
1675.0,0.59,FCC_A1,1
1675.0,0.6,FCC_A1,1
1675.0,0.61,FCC_A1,1
1675.0,0.62,FCC_A1,1
1675.0,0.63,FCC_A1,1
1675.0,0.64,FCC_A1,1
1675.0,0.65,FCC_A1,1
1675.0,0.66,FCC_A1,1
1675.0,0.67,FCC_A1,1
1675.0,0.68,FCC_A1,1
1675.0,0.6900000000000001,FCC_A1,1
1675.0,0.7000000000000001,FCC_A1,1
1675.0,0.71,FCC_A1,1
1675.0,0.72,FCC_A1,1
1675.0,0.73,FCC_A1,1
1675.0,0.74,FCC_A1,1
1675.0,0.75,FCC_A1,1
1675.0,0.76,FCC_A1,1
1675.0,0.77,FCC_A1,1
1675.0,0.78,FCC_A1,1
1675.0,0.79,FCC_A1,1
1675.0,0.8,FCC_A1,1
1675.0,0.81,FCC_A1,1
1675.0,0.8200000000000001,FCC_A1,1
1675.0,0.8300000000000001,FCC_A1,1
1675.0,0.84,FCC_A1,1
1675.0,0.85,FCC_A1,1
1675.0,0.86,FCC_A1,1
1675.0,0.87,FCC_A1,1
1675.0,0.88,FCC_A1,1
1675.0,0.89,FCC_A1,1
1675.0,0.9,FCC_A1,1
1675.0,0.91,FCC_A1,1
1675.0,0.92,FCC_A1,1
1675.0,0.93,FCC_A1,1
1675.0,0.94,FCC_A1,1
1675.0,0.95,FCC_A1,1
1675.0,0.96,FCC_A1,1
1675.0,0.97,FCC_A1,1
1675.0,0.98,FCC_A1,1
1675.0,0.99,FCC_A1,1
1675.0,1.0,FCC_A1,1
1700.0,0.0,FCC_A1,1
1700.0,0.01,FCC_A1,1
1700.0,0.02,FCC_A1,1
1700.0,0.03,FCC_A1,1
1700.0,0.04,FCC_A1,1
1700.0,0.05,FCC_A1,1
1700.0,0.06,FCC_A1,1
1700.0,0.07,FCC_A1,1
1700.0,0.08,FCC_A1,1
1700.0,0.09,FCC_A1,1
1700.0,0.1,FCC_A1,1
1700.0,0.11,FCC_A1,1
1700.0,0.12,FCC_A1,1
1700.0,0.13,FCC_A1,1
1700.0,0.14,FCC_A1,1
1700.0,0.15,FCC_A1,1
1700.0,0.16,FCC_A1,1
1700.0,0.17,FCC_A1,1
1700.0,0.18,FCC_A1,1
1700.0,0.19,FCC_A1,1
1700.0,0.2,FCC_A1,1
1700.0,0.21,FCC_A1,1
1700.0,0.22,FCC_A1,1
1700.0,0.23,FCC_A1,1
1700.0,0.24,FCC_A1,1
1700.0,0.25,FCC_A1,1
1700.0,0.26,FCC_A1,1
1700.0,0.27,FCC_A1,1
1700.0,0.28,FCC_A1,1
1700.0,0.29,FCC_A1,1
1700.0,0.3,FCC_A1,1
1700.0,0.31,FCC_A1,1
1700.0,0.32,FCC_A1,1
1700.0,0.33,FCC_A1,1
1700.0,0.34,FCC_A1,1
1700.0,0.35,FCC_A1,1
1700.0,0.36,FCC_A1,1
1700.0,0.37,FCC_A1,1
1700.0,0.38,FCC_A1,1
1700.0,0.39,FCC_A1,1
1700.0,0.4,FCC_A1,1
1700.0,0.41,FCC_A1,1
1700.0,0.42,FCC_A1,1
1700.0,0.43,FCC_A1,1
1700.0,0.44,FCC_A1,1
1700.0,0.45,FCC_A1,1
1700.0,0.46,FCC_A1,1
1700.0,0.47,FCC_A1,1
1700.0,0.48,FCC_A1,1
1700.0,0.49,FCC_A1,1
1700.0,0.5,FCC_A1,1
1700.0,0.51,FCC_A1,1
1700.0,0.52,FCC_A1,1
1700.0,0.53,FCC_A1,1
1700.0,0.54,FCC_A1,1
1700.0,0.55,FCC_A1,1
1700.0,0.56,FCC_A1,1
1700.0,0.5700000000000001,FCC_A1,1
1700.0,0.58,FCC_A1,1
1700.0,0.59,FCC_A1,1
1700.0,0.6,FCC_A1,1
1700.0,0.61,FCC_A1,1
1700.0,0.62,FCC_A1,1
1700.0,0.63,FCC_A1,1
1700.0,0.64,FCC_A1,1
1700.0,0.65,FCC_A1,1
1700.0,0.66,FCC_A1,1
1700.0,0.67,FCC_A1,1
1700.0,0.68,FCC_A1,1
1700.0,0.6900000000000001,FCC_A1,1
1700.0,0.7000000000000001,FCC_A1,1
1700.0,0.71,FCC_A1,1
1700.0,0.72,FCC_A1,1
1700.0,0.73,FCC_A1,1
1700.0,0.74,FCC_A1,1
1700.0,0.75,FCC_A1,1
1700.0,0.76,FCC_A1,1
1700.0,0.77,FCC_A1,1
1700.0,0.78,FCC_A1,1
1700.0,0.79,FCC_A1,1
1700.0,0.8,FCC_A1,1
1700.0,0.81,FCC_A1,1
1700.0,0.8200000000000001,FCC_A1,1
1700.0,0.8300000000000001,FCC_A1,1
1700.0,0.84,FCC_A1,1
1700.0,0.85,FCC_A1,1
1700.0,0.86,FCC_A1,1
1700.0,0.87,FCC_A1,1
1700.0,0.88,FCC_A1,1
1700.0,0.89,FCC_A1,1
1700.0,0.9,FCC_A1,1
1700.0,0.91,FCC_A1,1
1700.0,0.92,FCC_A1,1
1700.0,0.93,FCC_A1,1
1700.0,0.94,FCC_A1,1
1700.0,0.95,FCC_A1,1
1700.0,0.96,FCC_A1,1
1700.0,0.97,FCC_A1,1
1700.0,0.98,FCC_A1,1
1700.0,0.99,FCC_A1,1
1700.0,1.0,FCC_A1,1
1725.0,0.0,FCC_A1,1
1725.0,0.01,FCC_A1,1
1725.0,0.02,FCC_A1,1
1725.0,0.03,FCC_A1,1
1725.0,0.04,FCC_A1,1
1725.0,0.05,FCC_A1,1
1725.0,0.06,FCC_A1,1
1725.0,0.07,FCC_A1,1
1725.0,0.08,FCC_A1,1
1725.0,0.09,FCC_A1,1
1725.0,0.1,FCC_A1,1
1725.0,0.11,FCC_A1,1
1725.0,0.12,FCC_A1,1
1725.0,0.13,FCC_A1,1
1725.0,0.14,FCC_A1,1
1725.0,0.15,FCC_A1,1
1725.0,0.16,FCC_A1,1
1725.0,0.17,FCC_A1,1
1725.0,0.18,FCC_A1,1
1725.0,0.19,FCC_A1,1
1725.0,0.2,FCC_A1,1
1725.0,0.21,FCC_A1,1
1725.0,0.22,FCC_A1,1
1725.0,0.23,FCC_A1,1
1725.0,0.24,FCC_A1,1
1725.0,0.25,FCC_A1,1
1725.0,0.26,FCC_A1,1
1725.0,0.27,FCC_A1,1
1725.0,0.28,FCC_A1,1
1725.0,0.29,FCC_A1,1
1725.0,0.3,FCC_A1,1
1725.0,0.31,FCC_A1,1
1725.0,0.32,FCC_A1,1
1725.0,0.33,FCC_A1,1
1725.0,0.34,FCC_A1,1
1725.0,0.35,FCC_A1,1
1725.0,0.36,FCC_A1,1
1725.0,0.37,FCC_A1,1
1725.0,0.38,FCC_A1,1
1725.0,0.39,FCC_A1,1
1725.0,0.4,FCC_A1,1
1725.0,0.41,FCC_A1,1
1725.0,0.42,FCC_A1,1
1725.0,0.43,FCC_A1,1
1725.0,0.44,FCC_A1,1
1725.0,0.45,FCC_A1,1
1725.0,0.46,FCC_A1,1
1725.0,0.47,FCC_A1,1
1725.0,0.48,FCC_A1,1
1725.0,0.49,FCC_A1,1
1725.0,0.5,FCC_A1,1
1725.0,0.51,FCC_A1,1
1725.0,0.52,FCC_A1,1
1725.0,0.53,FCC_A1,1
1725.0,0.54,FCC_A1,1
1725.0,0.55,FCC_A1,1
1725.0,0.56,FCC_A1,1
1725.0,0.5700000000000001,FCC_A1,1
1725.0,0.58,FCC_A1,1
1725.0,0.59,FCC_A1,1
1725.0,0.6,FCC_A1,1
1725.0,0.61,FCC_A1,1
1725.0,0.62,FCC_A1,1
1725.0,0.63,FCC_A1,1
1725.0,0.64,FCC_A1,1
1725.0,0.65,FCC_A1,1
1725.0,0.66,FCC_A1,1
1725.0,0.67,FCC_A1,1
1725.0,0.68,FCC_A1,1
1725.0,0.6900000000000001,FCC_A1,1
1725.0,0.7000000000000001,FCC_A1,1
1725.0,0.71,FCC_A1,1
1725.0,0.72,FCC_A1,1
1725.0,0.73,FCC_A1,1
1725.0,0.74,FCC_A1,1
1725.0,0.75,FCC_A1,1
1725.0,0.76,FCC_A1,1
1725.0,0.77,FCC_A1,1
1725.0,0.78,FCC_A1,1
1725.0,0.79,FCC_A1,1
1725.0,0.8,FCC_A1,1
1725.0,0.81,FCC_A1,1
1725.0,0.8200000000000001,FCC_A1,1
1725.0,0.8300000000000001,FCC_A1,1
1725.0,0.84,FCC_A1,1
1725.0,0.85,FCC_A1,1
1725.0,0.86,FCC_A1,1
1725.0,0.87,FCC_A1,1
1725.0,0.88,FCC_A1,1
1725.0,0.89,FCC_A1,1
1725.0,0.9,FCC_A1,1
1725.0,0.91,FCC_A1,1
1725.0,0.92,FCC_A1,1
1725.0,0.93,FCC_A1,1
1725.0,0.94,FCC_A1,1
1725.0,0.95,FCC_A1,1
1725.0,0.96,FCC_A1,1
1725.0,0.97,FCC_A1,1
1725.0,0.98,FCC_A1,1
1725.0,0.99,FCC_A1,1
1725.0,1.0,FCC_A1,1
1750.0,0.0,FCC_A1,1
1750.0,0.01,FCC_A1,1
1750.0,0.02,FCC_A1,1
1750.0,0.03,FCC_A1,1
1750.0,0.04,FCC_A1,1
1750.0,0.05,FCC_A1,1
1750.0,0.06,FCC_A1,1
1750.0,0.07,FCC_A1,1
1750.0,0.08,FCC_A1,1
1750.0,0.09,FCC_A1,1
1750.0,0.1,FCC_A1,1
1750.0,0.11,FCC_A1,1
1750.0,0.12,FCC_A1,1
1750.0,0.13,FCC_A1,1
1750.0,0.14,FCC_A1,1
1750.0,0.15,FCC_A1,1
1750.0,0.16,FCC_A1,1
1750.0,0.17,FCC_A1,1
1750.0,0.18,FCC_A1,1
1750.0,0.19,FCC_A1,1
1750.0,0.2,FCC_A1,1
1750.0,0.21,FCC_A1,1
1750.0,0.22,FCC_A1,1
1750.0,0.23,FCC_A1,1
1750.0,0.24,FCC_A1,1
1750.0,0.25,FCC_A1,1
1750.0,0.26,FCC_A1,1
1750.0,0.27,FCC_A1,1
1750.0,0.28,FCC_A1,1
1750.0,0.29,FCC_A1,1
1750.0,0.3,FCC_A1,1
1750.0,0.31,FCC_A1,1
1750.0,0.32,FCC_A1,1
1750.0,0.33,FCC_A1,1
1750.0,0.34,FCC_A1,1
1750.0,0.35,FCC_A1,1
1750.0,0.36,FCC_A1,1
1750.0,0.37,FCC_A1,1
1750.0,0.38,FCC_A1,1
1750.0,0.39,FCC_A1,1
1750.0,0.4,FCC_A1,1
1750.0,0.41,FCC_A1,1
1750.0,0.42,FCC_A1,1
1750.0,0.43,FCC_A1,1
1750.0,0.44,FCC_A1,1
1750.0,0.45,FCC_A1,1
1750.0,0.46,FCC_A1,1
1750.0,0.47,FCC_A1,1
1750.0,0.48,FCC_A1,1
1750.0,0.49,FCC_A1,1
1750.0,0.5,FCC_A1,1
1750.0,0.51,FCC_A1,1
1750.0,0.52,FCC_A1,1
1750.0,0.53,FCC_A1,1
1750.0,0.54,FCC_A1,1
1750.0,0.55,FCC_A1,1
1750.0,0.56,FCC_A1,1
1750.0,0.5700000000000001,FCC_A1,1
1750.0,0.58,FCC_A1,1
1750.0,0.59,FCC_A1,1
1750.0,0.6,FCC_A1,1
1750.0,0.61,FCC_A1,1
1750.0,0.62,FCC_A1,1
1750.0,0.63,FCC_A1,1
1750.0,0.64,FCC_A1,1
1750.0,0.65,FCC_A1,1
1750.0,0.66,FCC_A1,1
1750.0,0.67,FCC_A1,1
1750.0,0.68,FCC_A1,1
1750.0,0.6900000000000001,FCC_A1,1
1750.0,0.7000000000000001,FCC_A1,1
1750.0,0.71,FCC_A1,1
1750.0,0.72,FCC_A1,1
1750.0,0.73,FCC_A1,1
1750.0,0.74,FCC_A1,1
1750.0,0.75,FCC_A1,1
1750.0,0.76,FCC_A1,1
1750.0,0.77,FCC_A1,1
1750.0,0.78,FCC_A1,1
1750.0,0.79,FCC_A1,1
1750.0,0.8,FCC_A1,1
1750.0,0.81,FCC_A1,1
1750.0,0.8200000000000001,FCC_A1,1
1750.0,0.8300000000000001,FCC_A1,1
1750.0,0.84,FCC_A1,1
1750.0,0.85,FCC_A1,1
1750.0,0.86,FCC_A1,1
1750.0,0.87,FCC_A1,1
1750.0,0.88,FCC_A1,1
1750.0,0.89,FCC_A1,1
1750.0,0.9,FCC_A1,1
1750.0,0.91,FCC_A1,1
1750.0,0.92,FCC_A1,1
1750.0,0.93,FCC_A1,1
1750.0,0.94,FCC_A1,1
1750.0,0.95,FCC_A1,1
1750.0,0.96,FCC_A1,1
1750.0,0.97,FCC_A1,1
1750.0,0.98,FCC_A1,1
1750.0,0.99,FCC_A1,1
1750.0,1.0,FCC_A1,1
1775.0,0.0,FCC_A1,1
1775.0,0.01,FCC_A1,1
1775.0,0.02,FCC_A1,1
1775.0,0.03,FCC_A1,1
1775.0,0.04,FCC_A1,1
1775.0,0.05,FCC_A1,1
1775.0,0.06,FCC_A1,1
1775.0,0.07,FCC_A1,1
1775.0,0.08,FCC_A1,1
1775.0,0.09,FCC_A1,1
1775.0,0.1,FCC_A1,1
1775.0,0.11,FCC_A1,1
1775.0,0.12,FCC_A1,1
1775.0,0.13,FCC_A1,1
1775.0,0.14,FCC_A1,1
1775.0,0.15,FCC_A1,1
1775.0,0.16,FCC_A1,1
1775.0,0.17,FCC_A1,1
1775.0,0.18,FCC_A1,1
1775.0,0.19,FCC_A1,1
1775.0,0.2,FCC_A1,1
1775.0,0.21,FCC_A1,1
1775.0,0.22,FCC_A1,1
1775.0,0.23,FCC_A1,1
1775.0,0.24,FCC_A1,1
1775.0,0.25,FCC_A1,1
1775.0,0.26,FCC_A1,1
1775.0,0.27,FCC_A1,1
1775.0,0.28,FCC_A1,1
1775.0,0.29,FCC_A1,1
1775.0,0.3,FCC_A1,1
1775.0,0.31,FCC_A1,1
1775.0,0.32,FCC_A1,1
1775.0,0.33,FCC_A1,1
1775.0,0.34,FCC_A1,1
1775.0,0.35,FCC_A1,1
1775.0,0.36,FCC_A1,1
1775.0,0.37,FCC_A1,1
1775.0,0.38,FCC_A1,1
1775.0,0.39,FCC_A1,1
1775.0,0.4,FCC_A1,1
1775.0,0.41,FCC_A1,1
1775.0,0.42,FCC_A1,1
1775.0,0.43,FCC_A1,1
1775.0,0.44,FCC_A1,1
1775.0,0.45,FCC_A1,1
1775.0,0.46,FCC_A1,1
1775.0,0.47,FCC_A1,1
1775.0,0.48,FCC_A1,1
1775.0,0.49,FCC_A1,1
1775.0,0.5,FCC_A1,1
1775.0,0.51,FCC_A1,1
1775.0,0.52,FCC_A1,1
1775.0,0.53,FCC_A1,1
1775.0,0.54,FCC_A1,1
1775.0,0.55,FCC_A1,1
1775.0,0.56,FCC_A1,1
1775.0,0.5700000000000001,FCC_A1,1
1775.0,0.58,FCC_A1,1
1775.0,0.59,FCC_A1,1
1775.0,0.6,FCC_A1,1
1775.0,0.61,FCC_A1,1
1775.0,0.62,FCC_A1,1
1775.0,0.63,FCC_A1,1
1775.0,0.64,FCC_A1,1
1775.0,0.65,FCC_A1,1
1775.0,0.66,FCC_A1,1
1775.0,0.67,FCC_A1,1
1775.0,0.68,FCC_A1,1
1775.0,0.6900000000000001,FCC_A1,1
1775.0,0.7000000000000001,FCC_A1,1
1775.0,0.71,FCC_A1,1
1775.0,0.72,FCC_A1,1
1775.0,0.73,FCC_A1,1
1775.0,0.74,FCC_A1,1
1775.0,0.75,FCC_A1,1
1775.0,0.76,FCC_A1,1
1775.0,0.77,FCC_A1,1
1775.0,0.78,FCC_A1,1
1775.0,0.79,FCC_A1,1
1775.0,0.8,FCC_A1,1
1775.0,0.81,FCC_A1,1
1775.0,0.8200000000000001,FCC_A1,1
1775.0,0.8300000000000001,FCC_A1,1
1775.0,0.84,FCC_A1,1
1775.0,0.85,FCC_A1,1
1775.0,0.86,FCC_A1,1
1775.0,0.87,FCC_A1,1
1775.0,0.88,FCC_A1,1
1775.0,0.89,FCC_A1,1
1775.0,0.9,FCC_A1,1
1775.0,0.91,FCC_A1,1
1775.0,0.92,FCC_A1,1
1775.0,0.93,FCC_A1,1
1775.0,0.94,FCC_A1,1
1775.0,0.95,FCC_A1,1
1775.0,0.96,FCC_A1,1
1775.0,0.97,FCC_A1,1
1775.0,0.98,FCC_A1,1
1775.0,0.99,FCC_A1,1
1775.0,1.0,FCC_A1,1
1800.0,0.0,FCC_A1,1
1800.0,0.01,FCC_A1,1
1800.0,0.02,FCC_A1,1
1800.0,0.03,FCC_A1,1
1800.0,0.04,FCC_A1,1
1800.0,0.05,FCC_A1,1
1800.0,0.06,FCC_A1,1
1800.0,0.07,FCC_A1,1
1800.0,0.08,FCC_A1,1
1800.0,0.09,FCC_A1,1
1800.0,0.1,FCC_A1,1
1800.0,0.11,FCC_A1,1
1800.0,0.12,FCC_A1,1
1800.0,0.13,FCC_A1,1
1800.0,0.14,FCC_A1,1
1800.0,0.15,FCC_A1,1
1800.0,0.16,FCC_A1,1
1800.0,0.17,FCC_A1,1
1800.0,0.18,FCC_A1,1
1800.0,0.19,FCC_A1,1
1800.0,0.2,FCC_A1,1
1800.0,0.21,FCC_A1,1
1800.0,0.22,FCC_A1,1
1800.0,0.23,FCC_A1,1
1800.0,0.24,FCC_A1,1
1800.0,0.25,FCC_A1,1
1800.0,0.26,FCC_A1,1
1800.0,0.27,FCC_A1,1
1800.0,0.28,FCC_A1,1
1800.0,0.29,FCC_A1,1
1800.0,0.3,FCC_A1,1
1800.0,0.31,FCC_A1,1
1800.0,0.32,FCC_A1,1
1800.0,0.33,FCC_A1,1
1800.0,0.34,FCC_A1,1
1800.0,0.35,FCC_A1,1
1800.0,0.36,FCC_A1,1
1800.0,0.37,FCC_A1,1
1800.0,0.38,FCC_A1,1
1800.0,0.39,FCC_A1,1
1800.0,0.4,FCC_A1,1
1800.0,0.41,FCC_A1,1
1800.0,0.42,FCC_A1,1
1800.0,0.43,FCC_A1,1
1800.0,0.44,FCC_A1,1
1800.0,0.45,FCC_A1,1
1800.0,0.46,FCC_A1,1
1800.0,0.47,FCC_A1,1
1800.0,0.48,FCC_A1,1
1800.0,0.49,FCC_A1,1
1800.0,0.5,FCC_A1,1
1800.0,0.51,FCC_A1,1
1800.0,0.52,FCC_A1,1
1800.0,0.53,FCC_A1,1
1800.0,0.54,FCC_A1,1
1800.0,0.55,FCC_A1,1
1800.0,0.56,FCC_A1,1
1800.0,0.5700000000000001,FCC_A1,1
1800.0,0.58,FCC_A1,1
1800.0,0.59,FCC_A1,1
1800.0,0.6,FCC_A1,1
1800.0,0.61,FCC_A1,1
1800.0,0.62,FCC_A1,1
1800.0,0.63,FCC_A1,1
1800.0,0.64,FCC_A1,1
1800.0,0.65,FCC_A1,1
1800.0,0.66,FCC_A1,1
1800.0,0.67,FCC_A1,1
1800.0,0.68,FCC_A1,1
1800.0,0.6900000000000001,FCC_A1,1
1800.0,0.7000000000000001,FCC_A1,1
1800.0,0.71,FCC_A1,1
1800.0,0.72,FCC_A1,1
1800.0,0.73,FCC_A1,1
1800.0,0.74,FCC_A1,1
1800.0,0.75,FCC_A1,1
1800.0,0.76,FCC_A1,1
1800.0,0.77,FCC_A1,1
1800.0,0.78,FCC_A1,1
1800.0,0.79,FCC_A1,1
1800.0,0.8,FCC_A1,1
1800.0,0.81,FCC_A1,1
1800.0,0.8200000000000001,FCC_A1,1
1800.0,0.8300000000000001,FCC_A1,1
1800.0,0.84,FCC_A1,1
1800.0,0.85,FCC_A1,1
1800.0,0.86,FCC_A1,1
1800.0,0.87,FCC_A1,1
1800.0,0.88,FCC_A1,1
1800.0,0.89,FCC_A1,1
1800.0,0.9,FCC_A1,1
1800.0,0.91,FCC_A1,1
1800.0,0.92,FCC_A1,1
1800.0,0.93,FCC_A1,1
1800.0,0.94,FCC_A1,1
1800.0,0.95,FCC_A1,1
1800.0,0.96,FCC_A1,1
1800.0,0.97,FCC_A1,1
1800.0,0.98,FCC_A1,1
1800.0,0.99,FCC_A1,1
1800.0,1.0,FCC_A1,1
1825.0,0.0,FCC_A1,1
1825.0,0.01,FCC_A1,1
1825.0,0.02,FCC_A1,1
1825.0,0.03,FCC_A1,1
1825.0,0.04,FCC_A1,1
1825.0,0.05,FCC_A1,1
1825.0,0.06,FCC_A1,1
1825.0,0.07,FCC_A1,1
1825.0,0.08,FCC_A1,1
1825.0,0.09,FCC_A1,1
1825.0,0.1,FCC_A1,1
1825.0,0.11,FCC_A1,1
1825.0,0.12,FCC_A1,1
1825.0,0.13,FCC_A1,1
1825.0,0.14,FCC_A1,1
1825.0,0.15,FCC_A1,1
1825.0,0.16,FCC_A1,1
1825.0,0.17,FCC_A1,1
1825.0,0.18,FCC_A1,1
1825.0,0.19,FCC_A1,1
1825.0,0.2,FCC_A1,1
1825.0,0.21,FCC_A1,1
1825.0,0.22,FCC_A1,1
1825.0,0.23,FCC_A1,1
1825.0,0.24,FCC_A1,1
1825.0,0.25,FCC_A1,1
1825.0,0.26,FCC_A1,1
1825.0,0.27,FCC_A1,1
1825.0,0.28,FCC_A1,1
1825.0,0.29,FCC_A1,1
1825.0,0.3,FCC_A1,1
1825.0,0.31,FCC_A1,1
1825.0,0.32,FCC_A1,1
1825.0,0.33,FCC_A1,1
1825.0,0.34,FCC_A1,1
1825.0,0.35,FCC_A1,1
1825.0,0.36,FCC_A1,1
1825.0,0.37,FCC_A1,1
1825.0,0.38,FCC_A1,1
1825.0,0.39,FCC_A1,1
1825.0,0.4,FCC_A1,1
1825.0,0.41,FCC_A1,1
1825.0,0.42,FCC_A1,1
1825.0,0.43,FCC_A1,1
1825.0,0.44,FCC_A1,1
1825.0,0.45,FCC_A1,1
1825.0,0.46,FCC_A1,1
1825.0,0.47,FCC_A1,1
1825.0,0.48,FCC_A1,1
1825.0,0.49,FCC_A1,1
1825.0,0.5,FCC_A1,1
1825.0,0.51,FCC_A1,1
1825.0,0.52,FCC_A1,1
1825.0,0.53,FCC_A1,1
1825.0,0.54,FCC_A1,1
1825.0,0.55,FCC_A1,1
1825.0,0.56,FCC_A1,1
1825.0,0.5700000000000001,FCC_A1,1
1825.0,0.58,FCC_A1,1
1825.0,0.59,FCC_A1,1
1825.0,0.6,FCC_A1,1
1825.0,0.61,FCC_A1,1
1825.0,0.62,FCC_A1,1
1825.0,0.63,FCC_A1,1
1825.0,0.64,FCC_A1,1
1825.0,0.65,FCC_A1,1
1825.0,0.66,FCC_A1,1
1825.0,0.67,FCC_A1,1
1825.0,0.68,FCC_A1,1
1825.0,0.6900000000000001,FCC_A1,1
1825.0,0.7000000000000001,FCC_A1,1
1825.0,0.71,FCC_A1,1
1825.0,0.72,FCC_A1,1
1825.0,0.73,FCC_A1,1
1825.0,0.74,FCC_A1,1
1825.0,0.75,FCC_A1,1
1825.0,0.76,FCC_A1,1
1825.0,0.77,FCC_A1,1
1825.0,0.78,FCC_A1,1
1825.0,0.79,FCC_A1,1
1825.0,0.8,FCC_A1,1
1825.0,0.81,FCC_A1,1
1825.0,0.8200000000000001,FCC_A1,1
1825.0,0.8300000000000001,FCC_A1,1
1825.0,0.84,FCC_A1,1
1825.0,0.85,FCC_A1,1
1825.0,0.86,FCC_A1,1
1825.0,0.87,FCC_A1,1
1825.0,0.88,FCC_A1,1
1825.0,0.89,FCC_A1,1
1825.0,0.9,FCC_A1,1
1825.0,0.91,FCC_A1,1
1825.0,0.92,FCC_A1,1
1825.0,0.93,FCC_A1,1
1825.0,0.94,FCC_A1,1
1825.0,0.95,FCC_A1,1
1825.0,0.96,FCC_A1,1
1825.0,0.97,FCC_A1,1
1825.0,0.98,FCC_A1,1
1825.0,0.99,FCC_A1,1
1825.0,1.0,FCC_A1,1
1850.0,0.0,LIQUID,1
1850.0,0.01,LIQUID,1
1850.0,0.02,LIQUID,1
1850.0,0.03,LIQUID,1
1850.0,0.04,LIQUID,1
1850.0,0.05,LIQUID,1
1850.0,0.06,FCC_A1;LIQUID,2
1850.0,0.07,FCC_A1,1
1850.0,0.08,FCC_A1,1
1850.0,0.09,FCC_A1,1
1850.0,0.1,FCC_A1,1
1850.0,0.11,FCC_A1,1
1850.0,0.12,FCC_A1,1
1850.0,0.13,FCC_A1,1
1850.0,0.14,FCC_A1,1
1850.0,0.15,FCC_A1,1
1850.0,0.16,FCC_A1,1
1850.0,0.17,FCC_A1,1
1850.0,0.18,FCC_A1,1
1850.0,0.19,FCC_A1,1
1850.0,0.2,FCC_A1,1
1850.0,0.21,FCC_A1,1
1850.0,0.22,FCC_A1,1
1850.0,0.23,FCC_A1,1
1850.0,0.24,FCC_A1,1
1850.0,0.25,FCC_A1,1
1850.0,0.26,FCC_A1,1
1850.0,0.27,FCC_A1,1
1850.0,0.28,FCC_A1,1
1850.0,0.29,FCC_A1,1
1850.0,0.3,FCC_A1,1
1850.0,0.31,FCC_A1,1
1850.0,0.32,FCC_A1,1
1850.0,0.33,FCC_A1,1
1850.0,0.34,FCC_A1,1
1850.0,0.35,FCC_A1,1
1850.0,0.36,FCC_A1,1
1850.0,0.37,FCC_A1,1
1850.0,0.38,FCC_A1,1
1850.0,0.39,FCC_A1,1
1850.0,0.4,FCC_A1,1
1850.0,0.41,FCC_A1,1
1850.0,0.42,FCC_A1,1
1850.0,0.43,FCC_A1,1
1850.0,0.44,FCC_A1,1
1850.0,0.45,FCC_A1,1
1850.0,0.46,FCC_A1,1
1850.0,0.47,FCC_A1,1
1850.0,0.48,FCC_A1,1
1850.0,0.49,FCC_A1,1
1850.0,0.5,FCC_A1,1
1850.0,0.51,FCC_A1,1
1850.0,0.52,FCC_A1,1
1850.0,0.53,FCC_A1,1
1850.0,0.54,FCC_A1,1
1850.0,0.55,FCC_A1,1
1850.0,0.56,FCC_A1,1
1850.0,0.5700000000000001,FCC_A1,1
1850.0,0.58,FCC_A1,1
1850.0,0.59,FCC_A1,1
1850.0,0.6,FCC_A1,1
1850.0,0.61,FCC_A1,1
1850.0,0.62,FCC_A1,1
1850.0,0.63,FCC_A1,1
1850.0,0.64,FCC_A1,1
1850.0,0.65,FCC_A1,1
1850.0,0.66,FCC_A1,1
1850.0,0.67,FCC_A1,1
1850.0,0.68,FCC_A1,1
1850.0,0.6900000000000001,FCC_A1,1
1850.0,0.7000000000000001,FCC_A1,1
1850.0,0.71,FCC_A1,1
1850.0,0.72,FCC_A1,1
1850.0,0.73,FCC_A1,1
1850.0,0.74,FCC_A1,1
1850.0,0.75,FCC_A1,1
1850.0,0.76,FCC_A1,1
1850.0,0.77,FCC_A1,1
1850.0,0.78,FCC_A1,1
1850.0,0.79,FCC_A1,1
1850.0,0.8,FCC_A1,1
1850.0,0.81,FCC_A1,1
1850.0,0.8200000000000001,FCC_A1,1
1850.0,0.8300000000000001,FCC_A1,1
1850.0,0.84,FCC_A1,1
1850.0,0.85,FCC_A1,1
1850.0,0.86,FCC_A1,1
1850.0,0.87,FCC_A1,1
1850.0,0.88,FCC_A1,1
1850.0,0.89,FCC_A1,1
1850.0,0.9,FCC_A1,1
1850.0,0.91,FCC_A1,1
1850.0,0.92,FCC_A1,1
1850.0,0.93,FCC_A1,1
1850.0,0.94,FCC_A1,1
1850.0,0.95,FCC_A1,1
1850.0,0.96,FCC_A1,1
1850.0,0.97,FCC_A1,1
1850.0,0.98,FCC_A1,1
1850.0,0.99,FCC_A1,1
1850.0,1.0,FCC_A1,1
1875.0,0.0,LIQUID,1
1875.0,0.01,LIQUID,1
1875.0,0.02,LIQUID,1
1875.0,0.03,LIQUID,1
1875.0,0.04,LIQUID,1
1875.0,0.05,LIQUID,1
1875.0,0.06,LIQUID,1
1875.0,0.07,LIQUID,1
1875.0,0.08,LIQUID,1
1875.0,0.09,LIQUID,1
1875.0,0.1,LIQUID,1
1875.0,0.11,LIQUID,1
1875.0,0.12,FCC_A1;LIQUID,2
1875.0,0.13,FCC_A1;LIQUID,2
1875.0,0.14,FCC_A1;LIQUID,2
1875.0,0.15,FCC_A1,1
1875.0,0.16,FCC_A1,1
1875.0,0.17,FCC_A1,1
1875.0,0.18,FCC_A1,1
1875.0,0.19,FCC_A1,1
1875.0,0.2,FCC_A1,1
1875.0,0.21,FCC_A1,1
1875.0,0.22,FCC_A1,1
1875.0,0.23,FCC_A1,1
1875.0,0.24,FCC_A1,1
1875.0,0.25,FCC_A1,1
1875.0,0.26,FCC_A1,1
1875.0,0.27,FCC_A1,1
1875.0,0.28,FCC_A1,1
1875.0,0.29,FCC_A1,1
1875.0,0.3,FCC_A1,1
1875.0,0.31,FCC_A1,1
1875.0,0.32,FCC_A1,1
1875.0,0.33,FCC_A1,1
1875.0,0.34,FCC_A1,1
1875.0,0.35,FCC_A1,1
1875.0,0.36,FCC_A1,1
1875.0,0.37,FCC_A1,1
1875.0,0.38,FCC_A1,1
1875.0,0.39,FCC_A1,1
1875.0,0.4,FCC_A1,1
1875.0,0.41,FCC_A1,1
1875.0,0.42,FCC_A1,1
1875.0,0.43,FCC_A1,1
1875.0,0.44,FCC_A1,1
1875.0,0.45,FCC_A1,1
1875.0,0.46,FCC_A1,1
1875.0,0.47,FCC_A1,1
1875.0,0.48,FCC_A1,1
1875.0,0.49,FCC_A1,1
1875.0,0.5,FCC_A1,1
1875.0,0.51,FCC_A1,1
1875.0,0.52,FCC_A1,1
1875.0,0.53,FCC_A1,1
1875.0,0.54,FCC_A1,1
1875.0,0.55,FCC_A1,1
1875.0,0.56,FCC_A1,1
1875.0,0.5700000000000001,FCC_A1,1
1875.0,0.58,FCC_A1,1
1875.0,0.59,FCC_A1,1
1875.0,0.6,FCC_A1,1
1875.0,0.61,FCC_A1,1
1875.0,0.62,FCC_A1,1
1875.0,0.63,FCC_A1,1
1875.0,0.64,FCC_A1,1
1875.0,0.65,FCC_A1,1
1875.0,0.66,FCC_A1,1
1875.0,0.67,FCC_A1,1
1875.0,0.68,FCC_A1,1
1875.0,0.6900000000000001,FCC_A1,1
1875.0,0.7000000000000001,FCC_A1,1
1875.0,0.71,FCC_A1,1
1875.0,0.72,FCC_A1,1
1875.0,0.73,FCC_A1,1
1875.0,0.74,FCC_A1,1
1875.0,0.75,FCC_A1,1
1875.0,0.76,FCC_A1,1
1875.0,0.77,FCC_A1,1
1875.0,0.78,FCC_A1,1
1875.0,0.79,FCC_A1,1
1875.0,0.8,FCC_A1,1
1875.0,0.81,FCC_A1,1
1875.0,0.8200000000000001,FCC_A1,1
1875.0,0.8300000000000001,FCC_A1,1
1875.0,0.84,FCC_A1,1
1875.0,0.85,FCC_A1,1
1875.0,0.86,FCC_A1,1
1875.0,0.87,FCC_A1,1
1875.0,0.88,FCC_A1,1
1875.0,0.89,FCC_A1,1
1875.0,0.9,FCC_A1,1
1875.0,0.91,FCC_A1,1
1875.0,0.92,FCC_A1,1
1875.0,0.93,FCC_A1,1
1875.0,0.94,FCC_A1,1
1875.0,0.95,FCC_A1,1
1875.0,0.96,FCC_A1,1
1875.0,0.97,FCC_A1,1
1875.0,0.98,FCC_A1,1
1875.0,0.99,FCC_A1,1
1875.0,1.0,FCC_A1,1
1900.0,0.0,LIQUID,1
1900.0,0.01,LIQUID,1
1900.0,0.02,LIQUID,1
1900.0,0.03,LIQUID,1
1900.0,0.04,LIQUID,1
1900.0,0.05,LIQUID,1
1900.0,0.06,LIQUID,1
1900.0,0.07,LIQUID,1
1900.0,0.08,LIQUID,1
1900.0,0.09,LIQUID,1
1900.0,0.1,LIQUID,1
1900.0,0.11,LIQUID,1
1900.0,0.12,LIQUID,1
1900.0,0.13,LIQUID,1
1900.0,0.14,LIQUID,1
1900.0,0.15,LIQUID,1
1900.0,0.16,LIQUID,1
1900.0,0.17,LIQUID,1
1900.0,0.18,LIQUID,1
1900.0,0.19,LIQUID,1
1900.0,0.2,FCC_A1;LIQUID,2
1900.0,0.21,FCC_A1;LIQUID,2
1900.0,0.22,FCC_A1;LIQUID,2
1900.0,0.23,FCC_A1,1
1900.0,0.24,FCC_A1,1
1900.0,0.25,FCC_A1,1
1900.0,0.26,FCC_A1,1
1900.0,0.27,FCC_A1,1
1900.0,0.28,FCC_A1,1
1900.0,0.29,FCC_A1,1
1900.0,0.3,FCC_A1,1
1900.0,0.31,FCC_A1,1
1900.0,0.32,FCC_A1,1
1900.0,0.33,FCC_A1,1
1900.0,0.34,FCC_A1,1
1900.0,0.35,FCC_A1,1
1900.0,0.36,FCC_A1,1
1900.0,0.37,FCC_A1,1
1900.0,0.38,FCC_A1,1
1900.0,0.39,FCC_A1,1
1900.0,0.4,FCC_A1,1
1900.0,0.41,FCC_A1,1
1900.0,0.42,FCC_A1,1
1900.0,0.43,FCC_A1,1
1900.0,0.44,FCC_A1,1
1900.0,0.45,FCC_A1,1
1900.0,0.46,FCC_A1,1
1900.0,0.47,FCC_A1,1
1900.0,0.48,FCC_A1,1
1900.0,0.49,FCC_A1,1
1900.0,0.5,FCC_A1,1
1900.0,0.51,FCC_A1,1
1900.0,0.52,FCC_A1,1
1900.0,0.53,FCC_A1,1
1900.0,0.54,FCC_A1,1
1900.0,0.55,FCC_A1,1
1900.0,0.56,FCC_A1,1
1900.0,0.5700000000000001,FCC_A1,1
1900.0,0.58,FCC_A1,1
1900.0,0.59,FCC_A1,1
1900.0,0.6,FCC_A1,1
1900.0,0.61,FCC_A1,1
1900.0,0.62,FCC_A1,1
1900.0,0.63,FCC_A1,1
1900.0,0.64,FCC_A1,1
1900.0,0.65,FCC_A1,1
1900.0,0.66,FCC_A1,1
1900.0,0.67,FCC_A1,1
1900.0,0.68,FCC_A1,1
1900.0,0.6900000000000001,FCC_A1,1
1900.0,0.7000000000000001,FCC_A1,1
1900.0,0.71,FCC_A1,1
1900.0,0.72,FCC_A1,1
1900.0,0.73,FCC_A1,1
1900.0,0.74,FCC_A1,1
1900.0,0.75,FCC_A1,1
1900.0,0.76,FCC_A1,1
1900.0,0.77,FCC_A1,1
1900.0,0.78,FCC_A1,1
1900.0,0.79,FCC_A1,1
1900.0,0.8,FCC_A1,1
1900.0,0.81,FCC_A1,1
1900.0,0.8200000000000001,FCC_A1,1
1900.0,0.8300000000000001,FCC_A1,1
1900.0,0.84,FCC_A1,1
1900.0,0.85,FCC_A1,1
1900.0,0.86,FCC_A1,1
1900.0,0.87,FCC_A1,1
1900.0,0.88,FCC_A1,1
1900.0,0.89,FCC_A1,1
1900.0,0.9,FCC_A1,1
1900.0,0.91,FCC_A1,1
1900.0,0.92,FCC_A1,1
1900.0,0.93,FCC_A1,1
1900.0,0.94,FCC_A1,1
1900.0,0.95,FCC_A1,1
1900.0,0.96,FCC_A1,1
1900.0,0.97,FCC_A1,1
1900.0,0.98,FCC_A1,1
1900.0,0.99,FCC_A1,1
1900.0,1.0,FCC_A1,1
1925.0,0.0,LIQUID,1
1925.0,0.01,LIQUID,1
1925.0,0.02,LIQUID,1
1925.0,0.03,LIQUID,1
1925.0,0.04,LIQUID,1
1925.0,0.05,LIQUID,1
1925.0,0.06,LIQUID,1
1925.0,0.07,LIQUID,1
1925.0,0.08,LIQUID,1
1925.0,0.09,LIQUID,1
1925.0,0.1,LIQUID,1
1925.0,0.11,LIQUID,1
1925.0,0.12,LIQUID,1
1925.0,0.13,LIQUID,1
1925.0,0.14,LIQUID,1
1925.0,0.15,LIQUID,1
1925.0,0.16,LIQUID,1
1925.0,0.17,LIQUID,1
1925.0,0.18,LIQUID,1
1925.0,0.19,LIQUID,1
1925.0,0.2,LIQUID,1
1925.0,0.21,LIQUID,1
1925.0,0.22,LIQUID,1
1925.0,0.23,LIQUID,1
1925.0,0.24,LIQUID,1
1925.0,0.25,LIQUID,1
1925.0,0.26,LIQUID,1
1925.0,0.27,LIQUID,1
1925.0,0.28,LIQUID,1
1925.0,0.29,FCC_A1;LIQUID,2
1925.0,0.3,FCC_A1;LIQUID,2
1925.0,0.31,FCC_A1;LIQUID,2
1925.0,0.32,FCC_A1;LIQUID,2
1925.0,0.33,FCC_A1,1
1925.0,0.34,FCC_A1,1
1925.0,0.35,FCC_A1,1
1925.0,0.36,FCC_A1,1
1925.0,0.37,FCC_A1,1
1925.0,0.38,FCC_A1,1
1925.0,0.39,FCC_A1,1
1925.0,0.4,FCC_A1,1
1925.0,0.41,FCC_A1,1
1925.0,0.42,FCC_A1,1
1925.0,0.43,FCC_A1,1
1925.0,0.44,FCC_A1,1
1925.0,0.45,FCC_A1,1
1925.0,0.46,FCC_A1,1
1925.0,0.47,FCC_A1,1
1925.0,0.48,FCC_A1,1
1925.0,0.49,FCC_A1,1
1925.0,0.5,FCC_A1,1
1925.0,0.51,FCC_A1,1
1925.0,0.52,FCC_A1,1
1925.0,0.53,FCC_A1,1
1925.0,0.54,FCC_A1,1
1925.0,0.55,FCC_A1,1
1925.0,0.56,FCC_A1,1
1925.0,0.5700000000000001,FCC_A1,1
1925.0,0.58,FCC_A1,1
1925.0,0.59,FCC_A1,1
1925.0,0.6,FCC_A1,1
1925.0,0.61,FCC_A1,1
1925.0,0.62,FCC_A1,1
1925.0,0.63,FCC_A1,1
1925.0,0.64,FCC_A1,1
1925.0,0.65,FCC_A1,1
1925.0,0.66,FCC_A1,1
1925.0,0.67,FCC_A1,1
1925.0,0.68,FCC_A1,1
1925.0,0.6900000000000001,FCC_A1,1
1925.0,0.7000000000000001,FCC_A1,1
1925.0,0.71,FCC_A1,1
1925.0,0.72,FCC_A1,1
1925.0,0.73,FCC_A1,1
1925.0,0.74,FCC_A1,1
1925.0,0.75,FCC_A1,1
1925.0,0.76,FCC_A1,1
1925.0,0.77,FCC_A1,1
1925.0,0.78,FCC_A1,1
1925.0,0.79,FCC_A1,1
1925.0,0.8,FCC_A1,1
1925.0,0.81,FCC_A1,1
1925.0,0.8200000000000001,FCC_A1,1
1925.0,0.8300000000000001,FCC_A1,1
1925.0,0.84,FCC_A1,1
1925.0,0.85,FCC_A1,1
1925.0,0.86,FCC_A1,1
1925.0,0.87,FCC_A1,1
1925.0,0.88,FCC_A1,1
1925.0,0.89,FCC_A1,1
1925.0,0.9,FCC_A1,1
1925.0,0.91,FCC_A1,1
1925.0,0.92,FCC_A1,1
1925.0,0.93,FCC_A1,1
1925.0,0.94,FCC_A1,1
1925.0,0.95,FCC_A1,1
1925.0,0.96,FCC_A1,1
1925.0,0.97,FCC_A1,1
1925.0,0.98,FCC_A1,1
1925.0,0.99,FCC_A1,1
1925.0,1.0,FCC_A1,1
1950.0,0.0,LIQUID,1
1950.0,0.01,LIQUID,1
1950.0,0.02,LIQUID,1
1950.0,0.03,LIQUID,1
1950.0,0.04,LIQUID,1
1950.0,0.05,LIQUID,1
1950.0,0.06,LIQUID,1
1950.0,0.07,LIQUID,1
1950.0,0.08,LIQUID,1
1950.0,0.09,LIQUID,1
1950.0,0.1,LIQUID,1
1950.0,0.11,LIQUID,1
1950.0,0.12,LIQUID,1
1950.0,0.13,LIQUID,1
1950.0,0.14,LIQUID,1
1950.0,0.15,LIQUID,1
1950.0,0.16,LIQUID,1
1950.0,0.17,LIQUID,1
1950.0,0.18,LIQUID,1
1950.0,0.19,LIQUID,1
1950.0,0.2,LIQUID,1
1950.0,0.21,LIQUID,1
1950.0,0.22,LIQUID,1
1950.0,0.23,LIQUID,1
1950.0,0.24,LIQUID,1
1950.0,0.25,LIQUID,1
1950.0,0.26,LIQUID,1
1950.0,0.27,LIQUID,1
1950.0,0.28,LIQUID,1
1950.0,0.29,LIQUID,1
1950.0,0.3,LIQUID,1
1950.0,0.31,LIQUID,1
1950.0,0.32,LIQUID,1
1950.0,0.33,LIQUID,1
1950.0,0.34,LIQUID,1
1950.0,0.35,LIQUID,1
1950.0,0.36,LIQUID,1
1950.0,0.37,LIQUID,1
1950.0,0.38,FCC_A1;LIQUID,2
1950.0,0.39,FCC_A1;LIQUID,2
1950.0,0.4,FCC_A1;LIQUID,2
1950.0,0.41,FCC_A1;LIQUID,2
1950.0,0.42,FCC_A1,1
1950.0,0.43,FCC_A1,1
1950.0,0.44,FCC_A1,1
1950.0,0.45,FCC_A1,1
1950.0,0.46,FCC_A1,1
1950.0,0.47,FCC_A1,1
1950.0,0.48,FCC_A1,1
1950.0,0.49,FCC_A1,1
1950.0,0.5,FCC_A1,1
1950.0,0.51,FCC_A1,1
1950.0,0.52,FCC_A1,1
1950.0,0.53,FCC_A1,1
1950.0,0.54,FCC_A1,1
1950.0,0.55,FCC_A1,1
1950.0,0.56,FCC_A1,1
1950.0,0.5700000000000001,FCC_A1,1
1950.0,0.58,FCC_A1,1
1950.0,0.59,FCC_A1,1
1950.0,0.6,FCC_A1,1
1950.0,0.61,FCC_A1,1
1950.0,0.62,FCC_A1,1
1950.0,0.63,FCC_A1,1
1950.0,0.64,FCC_A1,1
1950.0,0.65,FCC_A1,1
1950.0,0.66,FCC_A1,1
1950.0,0.67,FCC_A1,1
1950.0,0.68,FCC_A1,1
1950.0,0.6900000000000001,FCC_A1,1
1950.0,0.7000000000000001,FCC_A1,1
1950.0,0.71,FCC_A1,1
1950.0,0.72,FCC_A1,1
1950.0,0.73,FCC_A1,1
1950.0,0.74,FCC_A1,1
1950.0,0.75,FCC_A1,1
1950.0,0.76,FCC_A1,1
1950.0,0.77,FCC_A1,1
1950.0,0.78,FCC_A1,1
1950.0,0.79,FCC_A1,1
1950.0,0.8,FCC_A1,1
1950.0,0.81,FCC_A1,1
1950.0,0.8200000000000001,FCC_A1,1
1950.0,0.8300000000000001,FCC_A1,1
1950.0,0.84,FCC_A1,1
1950.0,0.85,FCC_A1,1
1950.0,0.86,FCC_A1,1
1950.0,0.87,FCC_A1,1
1950.0,0.88,FCC_A1,1
1950.0,0.89,FCC_A1,1
1950.0,0.9,FCC_A1,1
1950.0,0.91,FCC_A1,1
1950.0,0.92,FCC_A1,1
1950.0,0.93,FCC_A1,1
1950.0,0.94,FCC_A1,1
1950.0,0.95,FCC_A1,1
1950.0,0.96,FCC_A1,1
1950.0,0.97,FCC_A1,1
1950.0,0.98,FCC_A1,1
1950.0,0.99,FCC_A1,1
1950.0,1.0,FCC_A1,1
1975.0,0.0,LIQUID,1
1975.0,0.01,LIQUID,1
1975.0,0.02,LIQUID,1
1975.0,0.03,LIQUID,1
1975.0,0.04,LIQUID,1
1975.0,0.05,LIQUID,1
1975.0,0.06,LIQUID,1
1975.0,0.07,LIQUID,1
1975.0,0.08,LIQUID,1
1975.0,0.09,LIQUID,1
1975.0,0.1,LIQUID,1
1975.0,0.11,LIQUID,1
1975.0,0.12,LIQUID,1
1975.0,0.13,LIQUID,1
1975.0,0.14,LIQUID,1
1975.0,0.15,LIQUID,1
1975.0,0.16,LIQUID,1
1975.0,0.17,LIQUID,1
1975.0,0.18,LIQUID,1
1975.0,0.19,LIQUID,1
1975.0,0.2,LIQUID,1
1975.0,0.21,LIQUID,1
1975.0,0.22,LIQUID,1
1975.0,0.23,LIQUID,1
1975.0,0.24,LIQUID,1
1975.0,0.25,LIQUID,1
1975.0,0.26,LIQUID,1
1975.0,0.27,LIQUID,1
1975.0,0.28,LIQUID,1
1975.0,0.29,LIQUID,1
1975.0,0.3,LIQUID,1
1975.0,0.31,LIQUID,1
1975.0,0.32,LIQUID,1
1975.0,0.33,LIQUID,1
1975.0,0.34,LIQUID,1
1975.0,0.35,LIQUID,1
1975.0,0.36,LIQUID,1
1975.0,0.37,LIQUID,1
1975.0,0.38,LIQUID,1
1975.0,0.39,LIQUID,1
1975.0,0.4,LIQUID,1
1975.0,0.41,LIQUID,1
1975.0,0.42,LIQUID,1
1975.0,0.43,LIQUID,1
1975.0,0.44,LIQUID,1
1975.0,0.45,LIQUID,1
1975.0,0.46,LIQUID,1
1975.0,0.47,LIQUID,1
1975.0,0.48,LIQUID,1
1975.0,0.49,FCC_A1;LIQUID,2
1975.0,0.5,FCC_A1;LIQUID,2
1975.0,0.51,FCC_A1;LIQUID,2
1975.0,0.52,FCC_A1;LIQUID,2
1975.0,0.53,FCC_A1,1
1975.0,0.54,FCC_A1,1
1975.0,0.55,FCC_A1,1
1975.0,0.56,FCC_A1,1
1975.0,0.5700000000000001,FCC_A1,1
1975.0,0.58,FCC_A1,1
1975.0,0.59,FCC_A1,1
1975.0,0.6,FCC_A1,1
1975.0,0.61,FCC_A1,1
1975.0,0.62,FCC_A1,1
1975.0,0.63,FCC_A1,1
1975.0,0.64,FCC_A1,1
1975.0,0.65,FCC_A1,1
1975.0,0.66,FCC_A1,1
1975.0,0.67,FCC_A1,1
1975.0,0.68,FCC_A1,1
1975.0,0.6900000000000001,FCC_A1,1
1975.0,0.7000000000000001,FCC_A1,1
1975.0,0.71,FCC_A1,1
1975.0,0.72,FCC_A1,1
1975.0,0.73,FCC_A1,1
1975.0,0.74,FCC_A1,1
1975.0,0.75,FCC_A1,1
1975.0,0.76,FCC_A1,1
1975.0,0.77,FCC_A1,1
1975.0,0.78,FCC_A1,1
1975.0,0.79,FCC_A1,1
1975.0,0.8,FCC_A1,1
1975.0,0.81,FCC_A1,1
1975.0,0.8200000000000001,FCC_A1,1
1975.0,0.8300000000000001,FCC_A1,1
1975.0,0.84,FCC_A1,1
1975.0,0.85,FCC_A1,1
1975.0,0.86,FCC_A1,1
1975.0,0.87,FCC_A1,1
1975.0,0.88,FCC_A1,1
1975.0,0.89,FCC_A1,1
1975.0,0.9,FCC_A1,1
1975.0,0.91,FCC_A1,1
1975.0,0.92,FCC_A1,1
1975.0,0.93,FCC_A1,1
1975.0,0.94,FCC_A1,1
1975.0,0.95,FCC_A1,1
1975.0,0.96,FCC_A1,1
1975.0,0.97,FCC_A1,1
1975.0,0.98,FCC_A1,1
1975.0,0.99,FCC_A1,1
1975.0,1.0,FCC_A1,1
2000.0,0.0,LIQUID,1
2000.0,0.01,LIQUID,1
2000.0,0.02,LIQUID,1
2000.0,0.03,LIQUID,1
2000.0,0.04,LIQUID,1
2000.0,0.05,LIQUID,1
2000.0,0.06,LIQUID,1
2000.0,0.07,LIQUID,1
2000.0,0.08,LIQUID,1
2000.0,0.09,LIQUID,1
2000.0,0.1,LIQUID,1
2000.0,0.11,LIQUID,1
2000.0,0.12,LIQUID,1
2000.0,0.13,LIQUID,1
2000.0,0.14,LIQUID,1
2000.0,0.15,LIQUID,1
2000.0,0.16,LIQUID,1
2000.0,0.17,LIQUID,1
2000.0,0.18,LIQUID,1
2000.0,0.19,LIQUID,1
2000.0,0.2,LIQUID,1
2000.0,0.21,LIQUID,1
2000.0,0.22,LIQUID,1
2000.0,0.23,LIQUID,1
2000.0,0.24,LIQUID,1
2000.0,0.25,LIQUID,1
2000.0,0.26,LIQUID,1
2000.0,0.27,LIQUID,1
2000.0,0.28,LIQUID,1
2000.0,0.29,LIQUID,1
2000.0,0.3,LIQUID,1
2000.0,0.31,LIQUID,1
2000.0,0.32,LIQUID,1
2000.0,0.33,LIQUID,1
2000.0,0.34,LIQUID,1
2000.0,0.35,LIQUID,1
2000.0,0.36,LIQUID,1
2000.0,0.37,LIQUID,1
2000.0,0.38,LIQUID,1
2000.0,0.39,LIQUID,1
2000.0,0.4,LIQUID,1
2000.0,0.41,LIQUID,1
2000.0,0.42,LIQUID,1
2000.0,0.43,LIQUID,1
2000.0,0.44,LIQUID,1
2000.0,0.45,LIQUID,1
2000.0,0.46,LIQUID,1
2000.0,0.47,LIQUID,1
2000.0,0.48,LIQUID,1
2000.0,0.49,LIQUID,1
2000.0,0.5,LIQUID,1
2000.0,0.51,LIQUID,1
2000.0,0.52,LIQUID,1
2000.0,0.53,LIQUID,1
2000.0,0.54,LIQUID,1
2000.0,0.55,LIQUID,1
2000.0,0.56,LIQUID,1
2000.0,0.5700000000000001,LIQUID,1
2000.0,0.58,LIQUID,1
2000.0,0.59,LIQUID,1
2000.0,0.6,FCC_A1;LIQUID,2
2000.0,0.61,FCC_A1;LIQUID,2
2000.0,0.62,FCC_A1;LIQUID,2
2000.0,0.63,FCC_A1;LIQUID,2
2000.0,0.64,FCC_A1,1
2000.0,0.65,FCC_A1,1
2000.0,0.66,FCC_A1,1
2000.0,0.67,FCC_A1,1
2000.0,0.68,FCC_A1,1
2000.0,0.6900000000000001,FCC_A1,1
2000.0,0.7000000000000001,FCC_A1,1
2000.0,0.71,FCC_A1,1
2000.0,0.72,FCC_A1,1
2000.0,0.73,FCC_A1,1
2000.0,0.74,FCC_A1,1
2000.0,0.75,FCC_A1,1
2000.0,0.76,FCC_A1,1
2000.0,0.77,FCC_A1,1
2000.0,0.78,FCC_A1,1
2000.0,0.79,FCC_A1,1
2000.0,0.8,FCC_A1,1
2000.0,0.81,FCC_A1,1
2000.0,0.8200000000000001,FCC_A1,1
2000.0,0.8300000000000001,FCC_A1,1
2000.0,0.84,FCC_A1,1
2000.0,0.85,FCC_A1,1
2000.0,0.86,FCC_A1,1
2000.0,0.87,FCC_A1,1
2000.0,0.88,FCC_A1,1
2000.0,0.89,FCC_A1,1
2000.0,0.9,FCC_A1,1
2000.0,0.91,FCC_A1,1
2000.0,0.92,FCC_A1,1
2000.0,0.93,FCC_A1,1
2000.0,0.94,FCC_A1,1
2000.0,0.95,FCC_A1,1
2000.0,0.96,FCC_A1,1
2000.0,0.97,FCC_A1,1
2000.0,0.98,FCC_A1,1
2000.0,0.99,FCC_A1,1
2000.0,1.0,FCC_A1,1
2025.0,0.0,LIQUID,1
2025.0,0.01,LIQUID,1
2025.0,0.02,LIQUID,1
2025.0,0.03,LIQUID,1
2025.0,0.04,LIQUID,1
2025.0,0.05,LIQUID,1
2025.0,0.06,LIQUID,1
2025.0,0.07,LIQUID,1
2025.0,0.08,LIQUID,1
2025.0,0.09,LIQUID,1
2025.0,0.1,LIQUID,1
2025.0,0.11,LIQUID,1
2025.0,0.12,LIQUID,1
2025.0,0.13,LIQUID,1
2025.0,0.14,LIQUID,1
2025.0,0.15,LIQUID,1
2025.0,0.16,LIQUID,1
2025.0,0.17,LIQUID,1
2025.0,0.18,LIQUID,1
2025.0,0.19,LIQUID,1
2025.0,0.2,LIQUID,1
2025.0,0.21,LIQUID,1
2025.0,0.22,LIQUID,1
2025.0,0.23,LIQUID,1
2025.0,0.24,LIQUID,1
2025.0,0.25,LIQUID,1
2025.0,0.26,LIQUID,1
2025.0,0.27,LIQUID,1
2025.0,0.28,LIQUID,1
2025.0,0.29,LIQUID,1
2025.0,0.3,LIQUID,1
2025.0,0.31,LIQUID,1
2025.0,0.32,LIQUID,1
2025.0,0.33,LIQUID,1
2025.0,0.34,LIQUID,1
2025.0,0.35,LIQUID,1
2025.0,0.36,LIQUID,1
2025.0,0.37,LIQUID,1
2025.0,0.38,LIQUID,1
2025.0,0.39,LIQUID,1
2025.0,0.4,LIQUID,1
2025.0,0.41,LIQUID,1
2025.0,0.42,LIQUID,1
2025.0,0.43,LIQUID,1
2025.0,0.44,LIQUID,1
2025.0,0.45,LIQUID,1
2025.0,0.46,LIQUID,1
2025.0,0.47,LIQUID,1
2025.0,0.48,LIQUID,1
2025.0,0.49,LIQUID,1
2025.0,0.5,LIQUID,1
2025.0,0.51,LIQUID,1
2025.0,0.52,LIQUID,1
2025.0,0.53,LIQUID,1
2025.0,0.54,LIQUID,1
2025.0,0.55,LIQUID,1
2025.0,0.56,LIQUID,1
2025.0,0.5700000000000001,LIQUID,1
2025.0,0.58,LIQUID,1
2025.0,0.59,LIQUID,1
2025.0,0.6,LIQUID,1
2025.0,0.61,LIQUID,1
2025.0,0.62,LIQUID,1
2025.0,0.63,LIQUID,1
2025.0,0.64,LIQUID,1
2025.0,0.65,LIQUID,1
2025.0,0.66,LIQUID,1
2025.0,0.67,LIQUID,1
2025.0,0.68,LIQUID,1
2025.0,0.6900000000000001,LIQUID,1
2025.0,0.7000000000000001,LIQUID,1
2025.0,0.71,LIQUID,1
2025.0,0.72,LIQUID,1
2025.0,0.73,LIQUID,1
2025.0,0.74,LIQUID,1
2025.0,0.75,FCC_A1;LIQUID,2
2025.0,0.76,FCC_A1;LIQUID,2
2025.0,0.77,FCC_A1,1
2025.0,0.78,FCC_A1,1
2025.0,0.79,FCC_A1,1
2025.0,0.8,FCC_A1,1
2025.0,0.81,FCC_A1,1
2025.0,0.8200000000000001,FCC_A1,1
2025.0,0.8300000000000001,FCC_A1,1
2025.0,0.84,FCC_A1,1
2025.0,0.85,FCC_A1,1
2025.0,0.86,FCC_A1,1
2025.0,0.87,FCC_A1,1
2025.0,0.88,FCC_A1,1
2025.0,0.89,FCC_A1,1
2025.0,0.9,FCC_A1,1
2025.0,0.91,FCC_A1,1
2025.0,0.92,FCC_A1,1
2025.0,0.93,FCC_A1,1
2025.0,0.94,FCC_A1,1
2025.0,0.95,FCC_A1,1
2025.0,0.96,FCC_A1,1
2025.0,0.97,FCC_A1,1
2025.0,0.98,FCC_A1,1
2025.0,0.99,FCC_A1,1
2025.0,1.0,FCC_A1,1
2050.0,0.0,LIQUID,1
2050.0,0.01,LIQUID,1
2050.0,0.02,LIQUID,1
2050.0,0.03,LIQUID,1
2050.0,0.04,LIQUID,1
2050.0,0.05,LIQUID,1
2050.0,0.06,LIQUID,1
2050.0,0.07,LIQUID,1
2050.0,0.08,LIQUID,1
2050.0,0.09,LIQUID,1
2050.0,0.1,LIQUID,1
2050.0,0.11,LIQUID,1
2050.0,0.12,LIQUID,1
2050.0,0.13,LIQUID,1
2050.0,0.14,LIQUID,1
2050.0,0.15,LIQUID,1
2050.0,0.16,LIQUID,1
2050.0,0.17,LIQUID,1
2050.0,0.18,LIQUID,1
2050.0,0.19,LIQUID,1
2050.0,0.2,LIQUID,1
2050.0,0.21,LIQUID,1
2050.0,0.22,LIQUID,1
2050.0,0.23,LIQUID,1
2050.0,0.24,LIQUID,1
2050.0,0.25,LIQUID,1
2050.0,0.26,LIQUID,1
2050.0,0.27,LIQUID,1
2050.0,0.28,LIQUID,1
2050.0,0.29,LIQUID,1
2050.0,0.3,LIQUID,1
2050.0,0.31,LIQUID,1
2050.0,0.32,LIQUID,1
2050.0,0.33,LIQUID,1
2050.0,0.34,LIQUID,1
2050.0,0.35,LIQUID,1
2050.0,0.36,LIQUID,1
2050.0,0.37,LIQUID,1
2050.0,0.38,LIQUID,1
2050.0,0.39,LIQUID,1
2050.0,0.4,LIQUID,1
2050.0,0.41,LIQUID,1
2050.0,0.42,LIQUID,1
2050.0,0.43,LIQUID,1
2050.0,0.44,LIQUID,1
2050.0,0.45,LIQUID,1
2050.0,0.46,LIQUID,1
2050.0,0.47,LIQUID,1
2050.0,0.48,LIQUID,1
2050.0,0.49,LIQUID,1
2050.0,0.5,LIQUID,1
2050.0,0.51,LIQUID,1
2050.0,0.52,LIQUID,1
2050.0,0.53,LIQUID,1
2050.0,0.54,LIQUID,1
2050.0,0.55,LIQUID,1
2050.0,0.56,LIQUID,1
2050.0,0.5700000000000001,LIQUID,1
2050.0,0.58,LIQUID,1
2050.0,0.59,LIQUID,1
2050.0,0.6,LIQUID,1
2050.0,0.61,LIQUID,1
2050.0,0.62,LIQUID,1
2050.0,0.63,LIQUID,1
2050.0,0.64,LIQUID,1
2050.0,0.65,LIQUID,1
2050.0,0.66,LIQUID,1
2050.0,0.67,LIQUID,1
2050.0,0.68,LIQUID,1
2050.0,0.6900000000000001,LIQUID,1
2050.0,0.7000000000000001,LIQUID,1
2050.0,0.71,LIQUID,1
2050.0,0.72,LIQUID,1
2050.0,0.73,LIQUID,1
2050.0,0.74,LIQUID,1
2050.0,0.75,LIQUID,1
2050.0,0.76,LIQUID,1
2050.0,0.77,LIQUID,1
2050.0,0.78,LIQUID,1
2050.0,0.79,LIQUID,1
2050.0,0.8,LIQUID,1
2050.0,0.81,LIQUID,1
2050.0,0.8200000000000001,LIQUID,1
2050.0,0.8300000000000001,LIQUID,1
2050.0,0.84,LIQUID,1
2050.0,0.85,LIQUID,1
2050.0,0.86,LIQUID,1
2050.0,0.87,LIQUID,1
2050.0,0.88,LIQUID,1
2050.0,0.89,LIQUID,1
2050.0,0.9,LIQUID,1
2050.0,0.91,LIQUID,1
2050.0,0.92,LIQUID,1
2050.0,0.93,LIQUID,1
2050.0,0.94,LIQUID,1
2050.0,0.95,LIQUID,1
2050.0,0.96,LIQUID,1
2050.0,0.97,LIQUID,1
2050.0,0.98,LIQUID,1
2050.0,0.99,LIQUID,1
2050.0,1.0,LIQUID,1
2075.0,0.0,LIQUID,1
2075.0,0.01,LIQUID,1
2075.0,0.02,LIQUID,1
2075.0,0.03,LIQUID,1
2075.0,0.04,LIQUID,1
2075.0,0.05,LIQUID,1
2075.0,0.06,LIQUID,1
2075.0,0.07,LIQUID,1
2075.0,0.08,LIQUID,1
2075.0,0.09,LIQUID,1
2075.0,0.1,LIQUID,1
2075.0,0.11,LIQUID,1
2075.0,0.12,LIQUID,1
2075.0,0.13,LIQUID,1
2075.0,0.14,LIQUID,1
2075.0,0.15,LIQUID,1
2075.0,0.16,LIQUID,1
2075.0,0.17,LIQUID,1
2075.0,0.18,LIQUID,1
2075.0,0.19,LIQUID,1
2075.0,0.2,LIQUID,1
2075.0,0.21,LIQUID,1
2075.0,0.22,LIQUID,1
2075.0,0.23,LIQUID,1
2075.0,0.24,LIQUID,1
2075.0,0.25,LIQUID,1
2075.0,0.26,LIQUID,1
2075.0,0.27,LIQUID,1
2075.0,0.28,LIQUID,1
2075.0,0.29,LIQUID,1
2075.0,0.3,LIQUID,1
2075.0,0.31,LIQUID,1
2075.0,0.32,LIQUID,1
2075.0,0.33,LIQUID,1
2075.0,0.34,LIQUID,1
2075.0,0.35,LIQUID,1
2075.0,0.36,LIQUID,1
2075.0,0.37,LIQUID,1
2075.0,0.38,LIQUID,1
2075.0,0.39,LIQUID,1
2075.0,0.4,LIQUID,1
2075.0,0.41,LIQUID,1
2075.0,0.42,LIQUID,1
2075.0,0.43,LIQUID,1
2075.0,0.44,LIQUID,1
2075.0,0.45,LIQUID,1
2075.0,0.46,LIQUID,1
2075.0,0.47,LIQUID,1
2075.0,0.48,LIQUID,1
2075.0,0.49,LIQUID,1
2075.0,0.5,LIQUID,1
2075.0,0.51,LIQUID,1
2075.0,0.52,LIQUID,1
2075.0,0.53,LIQUID,1
2075.0,0.54,LIQUID,1
2075.0,0.55,LIQUID,1
2075.0,0.56,LIQUID,1
2075.0,0.5700000000000001,LIQUID,1
2075.0,0.58,LIQUID,1
2075.0,0.59,LIQUID,1
2075.0,0.6,LIQUID,1
2075.0,0.61,LIQUID,1
2075.0,0.62,LIQUID,1
2075.0,0.63,LIQUID,1
2075.0,0.64,LIQUID,1
2075.0,0.65,LIQUID,1
2075.0,0.66,LIQUID,1
2075.0,0.67,LIQUID,1
2075.0,0.68,LIQUID,1
2075.0,0.6900000000000001,LIQUID,1
2075.0,0.7000000000000001,LIQUID,1
2075.0,0.71,LIQUID,1
2075.0,0.72,LIQUID,1
2075.0,0.73,LIQUID,1
2075.0,0.74,LIQUID,1
2075.0,0.75,LIQUID,1
2075.0,0.76,LIQUID,1
2075.0,0.77,LIQUID,1
2075.0,0.78,LIQUID,1
2075.0,0.79,LIQUID,1
2075.0,0.8,LIQUID,1
2075.0,0.81,LIQUID,1
2075.0,0.8200000000000001,LIQUID,1
2075.0,0.8300000000000001,LIQUID,1
2075.0,0.84,LIQUID,1
2075.0,0.85,LIQUID,1
2075.0,0.86,LIQUID,1
2075.0,0.87,LIQUID,1
2075.0,0.88,LIQUID,1
2075.0,0.89,LIQUID,1
2075.0,0.9,LIQUID,1
2075.0,0.91,LIQUID,1
2075.0,0.92,LIQUID,1
2075.0,0.93,LIQUID,1
2075.0,0.94,LIQUID,1
2075.0,0.95,LIQUID,1
2075.0,0.96,LIQUID,1
2075.0,0.97,LIQUID,1
2075.0,0.98,LIQUID,1
2075.0,0.99,LIQUID,1
2075.0,1.0,LIQUID,1
2100.0,0.0,LIQUID,1
2100.0,0.01,LIQUID,1
2100.0,0.02,LIQUID,1
2100.0,0.03,LIQUID,1
2100.0,0.04,LIQUID,1
2100.0,0.05,LIQUID,1
2100.0,0.06,LIQUID,1
2100.0,0.07,LIQUID,1
2100.0,0.08,LIQUID,1
2100.0,0.09,LIQUID,1
2100.0,0.1,LIQUID,1
2100.0,0.11,LIQUID,1
2100.0,0.12,LIQUID,1
2100.0,0.13,LIQUID,1
2100.0,0.14,LIQUID,1
2100.0,0.15,LIQUID,1
2100.0,0.16,LIQUID,1
2100.0,0.17,LIQUID,1
2100.0,0.18,LIQUID,1
2100.0,0.19,LIQUID,1
2100.0,0.2,LIQUID,1
2100.0,0.21,LIQUID,1
2100.0,0.22,LIQUID,1
2100.0,0.23,LIQUID,1
2100.0,0.24,LIQUID,1
2100.0,0.25,LIQUID,1
2100.0,0.26,LIQUID,1
2100.0,0.27,LIQUID,1
2100.0,0.28,LIQUID,1
2100.0,0.29,LIQUID,1
2100.0,0.3,LIQUID,1
2100.0,0.31,LIQUID,1
2100.0,0.32,LIQUID,1
2100.0,0.33,LIQUID,1
2100.0,0.34,LIQUID,1
2100.0,0.35,LIQUID,1
2100.0,0.36,LIQUID,1
2100.0,0.37,LIQUID,1
2100.0,0.38,LIQUID,1
2100.0,0.39,LIQUID,1
2100.0,0.4,LIQUID,1
2100.0,0.41,LIQUID,1
2100.0,0.42,LIQUID,1
2100.0,0.43,LIQUID,1
2100.0,0.44,LIQUID,1
2100.0,0.45,LIQUID,1
2100.0,0.46,LIQUID,1
2100.0,0.47,LIQUID,1
2100.0,0.48,LIQUID,1
2100.0,0.49,LIQUID,1
2100.0,0.5,LIQUID,1
2100.0,0.51,LIQUID,1
2100.0,0.52,LIQUID,1
2100.0,0.53,LIQUID,1
2100.0,0.54,LIQUID,1
2100.0,0.55,LIQUID,1
2100.0,0.56,LIQUID,1
2100.0,0.5700000000000001,LIQUID,1
2100.0,0.58,LIQUID,1
2100.0,0.59,LIQUID,1
2100.0,0.6,LIQUID,1
2100.0,0.61,LIQUID,1
2100.0,0.62,LIQUID,1
2100.0,0.63,LIQUID,1
2100.0,0.64,LIQUID,1
2100.0,0.65,LIQUID,1
2100.0,0.66,LIQUID,1
2100.0,0.67,LIQUID,1
2100.0,0.68,LIQUID,1
2100.0,0.6900000000000001,LIQUID,1
2100.0,0.7000000000000001,LIQUID,1
2100.0,0.71,LIQUID,1
2100.0,0.72,LIQUID,1
2100.0,0.73,LIQUID,1
2100.0,0.74,LIQUID,1
2100.0,0.75,LIQUID,1
2100.0,0.76,LIQUID,1
2100.0,0.77,LIQUID,1
2100.0,0.78,LIQUID,1
2100.0,0.79,LIQUID,1
2100.0,0.8,LIQUID,1
2100.0,0.81,LIQUID,1
2100.0,0.8200000000000001,LIQUID,1
2100.0,0.8300000000000001,LIQUID,1
2100.0,0.84,LIQUID,1
2100.0,0.85,LIQUID,1
2100.0,0.86,LIQUID,1
2100.0,0.87,LIQUID,1
2100.0,0.88,LIQUID,1
2100.0,0.89,LIQUID,1
2100.0,0.9,LIQUID,1
2100.0,0.91,LIQUID,1
2100.0,0.92,LIQUID,1
2100.0,0.93,LIQUID,1
2100.0,0.94,LIQUID,1
2100.0,0.95,LIQUID,1
2100.0,0.96,LIQUID,1
2100.0,0.97,LIQUID,1
2100.0,0.98,LIQUID,1
2100.0,0.99,LIQUID,1
2100.0,1.0,LIQUID,1
